1,Brazil,https://static-img.zz.pt/bandeiras/flag_6_bra_30x20.png,Brazil,https://www.ceroacero.es/pais.php?id=6,1841.3,,,SELECT team_id FROM [worldcup].[dbo].[teams] where [team_name] ='Brazil',,,,"INSERT INTO [worldcup].[dbo].[Ranking2022] VALUES(' ','Brazil','1841.3',1)",,,,,,,,UPDATE [worldcup].[dbo].[Ranking2022] SET teamid = (SELECT team_id FROM [worldcup].[dbo].[teams] where [team_name] ='Brazil') Where team = 'Brazil'
2,Belgium,https://static-img.zz.pt/bandeiras/flag_5_bel_30x20.png,Belgium,https://www.ceroacero.es/pais.php?id=5,1816.7,,,SELECT team_id FROM [worldcup].[dbo].[teams] where [team_name] ='Belgium',,,,"INSERT INTO [worldcup].[dbo].[Ranking2022] VALUES(' ','Belgium','1816.7',2)",,,,,,,,UPDATE [worldcup].[dbo].[Ranking2022] SET teamid = (SELECT team_id FROM [worldcup].[dbo].[teams] where [team_name] ='Belgium') Where team = 'Belgium'
3,Argentina,https://static-img.zz.pt/bandeiras/flag_4_arg_30x20.png,Argentina,https://www.ceroacero.es/pais.php?id=4,1773.9,,,SELECT team_id FROM [worldcup].[dbo].[teams] where [team_name] ='Argentina',,,,"INSERT INTO [worldcup].[dbo].[Ranking2022] VALUES(' ','Argentina','1773.9',3)",,,,,,,,UPDATE [worldcup].[dbo].[Ranking2022] SET teamid = (SELECT team_id FROM [worldcup].[dbo].[teams] where [team_name] ='Argentina') Where team = 'Argentina'
4,France,https://static-img.zz.pt/bandeiras/flag_14_fra_30x20.png,France,https://www.ceroacero.es/pais.php?id=14,1759.8,,,SELECT team_id FROM [worldcup].[dbo].[teams] where [team_name] ='France',,,,"INSERT INTO [worldcup].[dbo].[Ranking2022] VALUES(' ','France','1759.8',4)",,,,,,,,UPDATE [worldcup].[dbo].[Ranking2022] SET teamid = (SELECT team_id FROM [worldcup].[dbo].[teams] where [team_name] ='France') Where team = 'France'
5,England,https://static-img.zz.pt/bandeiras/flag_16_eng_30x20.png,England,https://www.ceroacero.es/pais.php?id=16,1728.5,,,SELECT team_id FROM [worldcup].[dbo].[teams] where [team_name] ='England',,,,"INSERT INTO [worldcup].[dbo].[Ranking2022] VALUES(' ','England','1728.5',5)",,,,,,,,UPDATE [worldcup].[dbo].[Ranking2022] SET teamid = (SELECT team_id FROM [worldcup].[dbo].[teams] where [team_name] ='England') Where team = 'England'
6,Italy,https://static-img.zz.pt/bandeiras/flag_18_ita_30x20.png,Italy,https://www.ceroacero.es/pais.php?id=18,1726.1,,,SELECT team_id FROM [worldcup].[dbo].[teams] where [team_name] ='Italy',,,,"INSERT INTO [worldcup].[dbo].[Ranking2022] VALUES(' ','Italy','1726.1',6)",,,,,,,,UPDATE [worldcup].[dbo].[Ranking2022] SET teamid = (SELECT team_id FROM [worldcup].[dbo].[teams] where [team_name] ='Italy') Where team = 'Italy'
7,Spain,https://static-img.zz.pt/bandeiras/flag_12_esp_30x20.png,Spain,https://www.ceroacero.es/pais.php?id=12,1715.2,,,SELECT team_id FROM [worldcup].[dbo].[teams] where [team_name] ='Spain',,,,"INSERT INTO [worldcup].[dbo].[Ranking2022] VALUES(' ','Spain','1715.2',7)",,,,,,,,UPDATE [worldcup].[dbo].[Ranking2022] SET teamid = (SELECT team_id FROM [worldcup].[dbo].[teams] where [team_name] ='Spain') Where team = 'Spain'
8,Netherlands,https://static-img.zz.pt/bandeiras/flag_15_ned_30x20.png,Netherlands,https://www.ceroacero.es/pais.php?id=15,1694.5,,,SELECT team_id FROM [worldcup].[dbo].[teams] where [team_name] ='Netherlands',,,,"INSERT INTO [worldcup].[dbo].[Ranking2022] VALUES(' ','Netherlands','1694.5',8)",,,,,,,,UPDATE [worldcup].[dbo].[Ranking2022] SET teamid = (SELECT team_id FROM [worldcup].[dbo].[teams] where [team_name] ='Netherlands') Where team = 'Netherlands'
9,Portugal,https://static-img.zz.pt/bandeiras/flag_1_por_30x20.png,Portugal,https://www.ceroacero.es/pais.php?id=1,1676.6,,,SELECT team_id FROM [worldcup].[dbo].[teams] where [team_name] ='Portugal',,,,"INSERT INTO [worldcup].[dbo].[Ranking2022] VALUES(' ','Portugal','1676.6',9)",,,,,,,,UPDATE [worldcup].[dbo].[Ranking2022] SET teamid = (SELECT team_id FROM [worldcup].[dbo].[teams] where [team_name] ='Portugal') Where team = 'Portugal'
10,Denmark,https://static-img.zz.pt/bandeiras/flag_9_den_30x20.png,Denmark,https://www.ceroacero.es/pais.php?id=9,1666.6,,,SELECT team_id FROM [worldcup].[dbo].[teams] where [team_name] ='Denmark',,,,"INSERT INTO [worldcup].[dbo].[Ranking2022] VALUES(' ','Denmark','1666.6',10)",,,,,,,,UPDATE [worldcup].[dbo].[Ranking2022] SET teamid = (SELECT team_id FROM [worldcup].[dbo].[teams] where [team_name] ='Denmark') Where team = 'Denmark'
11,Germany,https://static-img.zz.pt/bandeiras/flag_2_ger_30x20.png,Germany,https://www.ceroacero.es/pais.php?id=2,1650.2,,,SELECT team_id FROM [worldcup].[dbo].[teams] where [team_name] ='Germany',,,,"INSERT INTO [worldcup].[dbo].[Ranking2022] VALUES(' ','Germany','1650.2',11)",,,,,,,,UPDATE [worldcup].[dbo].[Ranking2022] SET teamid = (SELECT team_id FROM [worldcup].[dbo].[teams] where [team_name] ='Germany') Where team = 'Germany'
12,Croatia,https://static-img.zz.pt/bandeiras/flag_8_cro_30x20.png,Croatia,https://www.ceroacero.es/pais.php?id=8,1645.6,,,SELECT team_id FROM [worldcup].[dbo].[teams] where [team_name] ='Croatia',,,,"INSERT INTO [worldcup].[dbo].[Ranking2022] VALUES(' ','Croatia','1645.6',12)",,,,,,,,UPDATE [worldcup].[dbo].[Ranking2022] SET teamid = (SELECT team_id FROM [worldcup].[dbo].[teams] where [team_name] ='Croatia') Where team = 'Croatia'
13,Mexico,https://static-img.zz.pt/bandeiras/flag_21_mex_30x20.png,Mexico,https://www.ceroacero.es/pais.php?id=21,1644.9,,,SELECT team_id FROM [worldcup].[dbo].[teams] where [team_name] ='Mexico',,,,"INSERT INTO [worldcup].[dbo].[Ranking2022] VALUES(' ','Mexico','1644.9',13)",,,,,,,,UPDATE [worldcup].[dbo].[Ranking2022] SET teamid = (SELECT team_id FROM [worldcup].[dbo].[teams] where [team_name] ='Mexico') Where team = 'Mexico'
14,Uruguay,https://static-img.zz.pt/bandeiras/flag_133_uru_30x20.png,Uruguay,https://www.ceroacero.es/pais.php?id=133,1638.7,,,SELECT team_id FROM [worldcup].[dbo].[teams] where [team_name] ='Uruguay',,,,"INSERT INTO [worldcup].[dbo].[Ranking2022] VALUES(' ','Uruguay','1638.7',14)",,,,,,,,UPDATE [worldcup].[dbo].[Ranking2022] SET teamid = (SELECT team_id FROM [worldcup].[dbo].[teams] where [team_name] ='Uruguay') Where team = 'Uruguay'
15,Switzerland,https://static-img.zz.pt/bandeiras/flag_212_sui_30x20.png,Switzerland,https://www.ceroacero.es/pais.php?id=212,1635.9,,,SELECT team_id FROM [worldcup].[dbo].[teams] where [team_name] ='Switzerland',,,,"INSERT INTO [worldcup].[dbo].[Ranking2022] VALUES(' ','Switzerland','1635.9',15)",,,,,,,,UPDATE [worldcup].[dbo].[Ranking2022] SET teamid = (SELECT team_id FROM [worldcup].[dbo].[teams] where [team_name] ='Switzerland') Where team = 'Switzerland'
16,United States of America,https://static-img.zz.pt/bandeiras/flag_127_usa_30x20.png,United States of America,https://www.ceroacero.es/pais.php?id=127,1627.5,,,SELECT team_id FROM [worldcup].[dbo].[teams] where [team_name] ='United States of America',,,,"INSERT INTO [worldcup].[dbo].[Ranking2022] VALUES(' ','United States of America','1627.5',16)",,,,,,,,UPDATE [worldcup].[dbo].[Ranking2022] SET teamid = (SELECT team_id FROM [worldcup].[dbo].[teams] where [team_name] ='United States of America') Where team = 'United States of America'
17,Colombia,https://static-img.zz.pt/bandeiras/flag_130_col_30x20.png,Colombia,https://www.ceroacero.es/pais.php?id=130,1611,,,SELECT team_id FROM [worldcup].[dbo].[teams] where [team_name] ='Colombia',,,,"INSERT INTO [worldcup].[dbo].[Ranking2022] VALUES(' ','Colombia','1611',17)",,,,,,,,UPDATE [worldcup].[dbo].[Ranking2022] SET teamid = (SELECT team_id FROM [worldcup].[dbo].[teams] where [team_name] ='Colombia') Where team = 'Colombia'
18,Senegal,https://static-img.zz.pt/bandeiras/flag_172_sen_30x20.png,Senegal,https://www.ceroacero.es/pais.php?id=172,1584.4,,,SELECT team_id FROM [worldcup].[dbo].[teams] where [team_name] ='Senegal',,,,"INSERT INTO [worldcup].[dbo].[Ranking2022] VALUES(' ','Senegal','1584.4',18)",,,,,,,,UPDATE [worldcup].[dbo].[Ranking2022] SET teamid = (SELECT team_id FROM [worldcup].[dbo].[teams] where [team_name] ='Senegal') Where team = 'Senegal'
19,Wales,https://static-img.zz.pt/bandeiras/flag_23_wal_30x20.png,Wales,https://www.ceroacero.es/pais.php?id=23,1569.8,,,SELECT team_id FROM [worldcup].[dbo].[teams] where [team_name] ='Wales',,,,"INSERT INTO [worldcup].[dbo].[Ranking2022] VALUES(' ','Wales','1569.8',19)",,,,,,,,UPDATE [worldcup].[dbo].[Ranking2022] SET teamid = (SELECT team_id FROM [worldcup].[dbo].[teams] where [team_name] ='Wales') Where team = 'Wales'
20,Iran,https://static-img.zz.pt/bandeiras/flag_67_irn_30x20.png,Iran,https://www.ceroacero.es/pais.php?id=67,1564.6,,,SELECT team_id FROM [worldcup].[dbo].[teams] where [team_name] ='Iran',,,,"INSERT INTO [worldcup].[dbo].[Ranking2022] VALUES(' ','Iran','1564.6',20)",,,,,,,,UPDATE [worldcup].[dbo].[Ranking2022] SET teamid = (SELECT team_id FROM [worldcup].[dbo].[teams] where [team_name] ='Iran') Where team = 'Iran'
21,Serbia,https://static-img.zz.pt/bandeiras/flag_210_srb_30x20.png,Serbia,https://www.ceroacero.es/pais.php?id=210,1563.6,,,SELECT team_id FROM [worldcup].[dbo].[teams] where [team_name] ='Serbia',,,,"INSERT INTO [worldcup].[dbo].[Ranking2022] VALUES(' ','Serbia','1563.6',21)",,,,,,,,UPDATE [worldcup].[dbo].[Ranking2022] SET teamid = (SELECT team_id FROM [worldcup].[dbo].[teams] where [team_name] ='Serbia') Where team = 'Serbia'
22,Morocco,https://static-img.zz.pt/bandeiras/flag_20_mar_30x20.png,Morocco,https://www.ceroacero.es/pais.php?id=20,1563.5,,,SELECT team_id FROM [worldcup].[dbo].[teams] where [team_name] ='Morocco',,,,"INSERT INTO [worldcup].[dbo].[Ranking2022] VALUES(' ','Morocco','1563.5',22)",,,,,,,,UPDATE [worldcup].[dbo].[Ranking2022] SET teamid = (SELECT team_id FROM [worldcup].[dbo].[teams] where [team_name] ='Morocco') Where team = 'Morocco'
23,Peru,https://static-img.zz.pt/bandeiras/flag_132_per_30x20.png,Peru,https://www.ceroacero.es/pais.php?id=132,1561,,,SELECT team_id FROM [worldcup].[dbo].[teams] where [team_name] ='Peru',,,,"INSERT INTO [worldcup].[dbo].[Ranking2022] VALUES(' ','Peru','1561',23)",,,,,,,,UPDATE [worldcup].[dbo].[Ranking2022] SET teamid = (SELECT team_id FROM [worldcup].[dbo].[teams] where [team_name] ='Peru') Where team = 'Peru'
24,Japan,https://static-img.zz.pt/bandeiras/flag_68_jpn_30x20.png,Japan,https://www.ceroacero.es/pais.php?id=68,1559.5,,,SELECT team_id FROM [worldcup].[dbo].[teams] where [team_name] ='Japan',,,,"INSERT INTO [worldcup].[dbo].[Ranking2022] VALUES(' ','Japan','1559.5',24)",,,,,,,,UPDATE [worldcup].[dbo].[Ranking2022] SET teamid = (SELECT team_id FROM [worldcup].[dbo].[teams] where [team_name] ='Japan') Where team = 'Japan'
25,Sweden,https://static-img.zz.pt/bandeiras/flag_29_swe_30x20.png,Sweden,https://www.ceroacero.es/pais.php?id=29,1553.3,,,SELECT team_id FROM [worldcup].[dbo].[teams] where [team_name] ='Sweden',,,,"INSERT INTO [worldcup].[dbo].[Ranking2022] VALUES(' ','Sweden','1553.3',25)",,,,,,,,UPDATE [worldcup].[dbo].[Ranking2022] SET teamid = (SELECT team_id FROM [worldcup].[dbo].[teams] where [team_name] ='Sweden') Where team = 'Sweden'
26,Poland,https://static-img.zz.pt/bandeiras/flag_25_pol_30x20.png,Poland,https://www.ceroacero.es/pais.php?id=25,1548.6,,,SELECT team_id FROM [worldcup].[dbo].[teams] where [team_name] ='Poland',,,,"INSERT INTO [worldcup].[dbo].[Ranking2022] VALUES(' ','Poland','1548.6',26)",,,,,,,,UPDATE [worldcup].[dbo].[Ranking2022] SET teamid = (SELECT team_id FROM [worldcup].[dbo].[teams] where [team_name] ='Poland') Where team = 'Poland'
27,Ukraine,https://static-img.zz.pt/bandeiras/flag_31_ukr_30x20.png,Ukraine,https://www.ceroacero.es/pais.php?id=31,1537,,,SELECT team_id FROM [worldcup].[dbo].[teams] where [team_name] ='Ukraine',,,,"INSERT INTO [worldcup].[dbo].[Ranking2022] VALUES(' ','Ukraine','1537',27)",,,,,,,,UPDATE [worldcup].[dbo].[Ranking2022] SET teamid = (SELECT team_id FROM [worldcup].[dbo].[teams] where [team_name] ='Ukraine') Where team = 'Ukraine'
28,South Korea,https://static-img.zz.pt/bandeiras/flag_54_kor_30x20.png,South Korea,https://www.ceroacero.es/pais.php?id=54,1530.3,,,SELECT team_id FROM [worldcup].[dbo].[teams] where [team_name] ='South Korea',,,,"INSERT INTO [worldcup].[dbo].[Ranking2022] VALUES(' ','South Korea','1530.3',28)",,,,,,,,UPDATE [worldcup].[dbo].[Ranking2022] SET teamid = (SELECT team_id FROM [worldcup].[dbo].[teams] where [team_name] ='South Korea') Where team = 'South Korea'
29,Chile,https://static-img.zz.pt/bandeiras/flag_129_chi_30x20.png,Chile,https://www.ceroacero.es/pais.php?id=129,1509.6,,,SELECT team_id FROM [worldcup].[dbo].[teams] where [team_name] ='Chile',,,,"INSERT INTO [worldcup].[dbo].[Ranking2022] VALUES(' ','Chile','1509.6',29)",,,,,,,,UPDATE [worldcup].[dbo].[Ranking2022] SET teamid = (SELECT team_id FROM [worldcup].[dbo].[teams] where [team_name] ='Chile') Where team = 'Chile'
30,Tunisia,https://static-img.zz.pt/bandeiras/flag_181_tun_30x20.png,Tunisia,https://www.ceroacero.es/pais.php?id=181,1507.5,,,SELECT team_id FROM [worldcup].[dbo].[teams] where [team_name] ='Tunisia',,,,"INSERT INTO [worldcup].[dbo].[Ranking2022] VALUES(' ','Tunisia','1507.5',30)",,,,,,,,UPDATE [worldcup].[dbo].[Ranking2022] SET teamid = (SELECT team_id FROM [worldcup].[dbo].[teams] where [team_name] ='Tunisia') Where team = 'Tunisia'
31,Costa Rica,https://static-img.zz.pt/bandeiras/flag_99_crc_30x20.png,Costa Rica,https://www.ceroacero.es/pais.php?id=99,1503.6,,,SELECT team_id FROM [worldcup].[dbo].[teams] where [team_name] ='Costa Rica',,,,"INSERT INTO [worldcup].[dbo].[Ranking2022] VALUES(' ','Costa Rica','1503.6',31)",,,,,,,,UPDATE [worldcup].[dbo].[Ranking2022] SET teamid = (SELECT team_id FROM [worldcup].[dbo].[teams] where [team_name] ='Costa Rica') Where team = 'Costa Rica'
32,Nigeria,https://static-img.zz.pt/bandeiras/flag_169_nga_30x20.png,Nigeria,https://www.ceroacero.es/pais.php?id=169,1498.5,,,SELECT team_id FROM [worldcup].[dbo].[teams] where [team_name] ='Nigeria',,,,"INSERT INTO [worldcup].[dbo].[Ranking2022] VALUES(' ','Nigeria','1498.5',32)",,,,,,,,UPDATE [worldcup].[dbo].[Ranking2022] SET teamid = (SELECT team_id FROM [worldcup].[dbo].[teams] where [team_name] ='Nigeria') Where team = 'Nigeria'
33,Russian Federation,https://static-img.zz.pt/bandeiras/flag_28_rus_30x20.png,Russian Federation,https://www.ceroacero.es/pais.php?id=28,1496.1,,,SELECT team_id FROM [worldcup].[dbo].[teams] where [team_name] ='Russian Federation',,,,"INSERT INTO [worldcup].[dbo].[Ranking2022] VALUES(' ','Russian Federation','1496.1',33)",,,,,,,,UPDATE [worldcup].[dbo].[Ranking2022] SET teamid = (SELECT team_id FROM [worldcup].[dbo].[teams] where [team_name] ='Russian Federation') Where team = 'Russian Federation'
34,Austria,https://static-img.zz.pt/bandeiras/flag_188_aut_30x20.png,Austria,https://www.ceroacero.es/pais.php?id=188,1493,,,SELECT team_id FROM [worldcup].[dbo].[teams] where [team_name] ='Austria',,,,"INSERT INTO [worldcup].[dbo].[Ranking2022] VALUES(' ','Austria','1493',34)",,,,,,,,UPDATE [worldcup].[dbo].[Ranking2022] SET teamid = (SELECT team_id FROM [worldcup].[dbo].[teams] where [team_name] ='Austria') Where team = 'Austria'
35,Czech Rep.,https://static-img.zz.pt/bandeiras/flag_26_cze_30x20.png,Czech Rep.,https://www.ceroacero.es/pais.php?id=26,1492.2,,,SELECT team_id FROM [worldcup].[dbo].[teams] where [team_name] ='Czech Rep.',,,,"INSERT INTO [worldcup].[dbo].[Ranking2022] VALUES(' ','Czech Rep.','1492.2',35)",,,,,,,,UPDATE [worldcup].[dbo].[Ranking2022] SET teamid = (SELECT team_id FROM [worldcup].[dbo].[teams] where [team_name] ='Czech Rep.') Where team = 'Czech Rep.'
36,Hungary,https://static-img.zz.pt/bandeiras/flag_198_hun_30x20.png,Hungary,https://www.ceroacero.es/pais.php?id=198,1492.2,,,SELECT team_id FROM [worldcup].[dbo].[teams] where [team_name] ='Hungary',,,,"INSERT INTO [worldcup].[dbo].[Ranking2022] VALUES(' ','Hungary','1492.2',36)",,,,,,,,UPDATE [worldcup].[dbo].[Ranking2022] SET teamid = (SELECT team_id FROM [worldcup].[dbo].[teams] where [team_name] ='Hungary') Where team = 'Hungary'
37,Algeria,https://static-img.zz.pt/bandeiras/flag_3_alg_30x20.png,Algeria,https://www.ceroacero.es/pais.php?id=3,1489.1,,,SELECT team_id FROM [worldcup].[dbo].[teams] where [team_name] ='Algeria',,,,"INSERT INTO [worldcup].[dbo].[Ranking2022] VALUES(' ','Algeria','1489.1',37)",,,,,,,,UPDATE [worldcup].[dbo].[Ranking2022] SET teamid = (SELECT team_id FROM [worldcup].[dbo].[teams] where [team_name] ='Algeria') Where team = 'Algeria'
38,Australia,https://static-img.zz.pt/bandeiras/flag_82_aus_30x20.png,Australia,https://www.ceroacero.es/pais.php?id=82,1488.7,,,SELECT team_id FROM [worldcup].[dbo].[teams] where [team_name] ='Australia',,,,"INSERT INTO [worldcup].[dbo].[Ranking2022] VALUES(' ','Australia','1488.7',38)",,,,,,,,UPDATE [worldcup].[dbo].[Ranking2022] SET teamid = (SELECT team_id FROM [worldcup].[dbo].[teams] where [team_name] ='Australia') Where team = 'Australia'
39,Egypt,https://static-img.zz.pt/bandeiras/flag_148_egy_30x20.png,Egypt,https://www.ceroacero.es/pais.php?id=148,1486.4,,,SELECT team_id FROM [worldcup].[dbo].[teams] where [team_name] ='Egypt',,,,"INSERT INTO [worldcup].[dbo].[Ranking2022] VALUES(' ','Egypt','1486.4',39)",,,,,,,,UPDATE [worldcup].[dbo].[Ranking2022] SET teamid = (SELECT team_id FROM [worldcup].[dbo].[teams] where [team_name] ='Egypt') Where team = 'Egypt'
40,Scotland,https://static-img.zz.pt/bandeiras/flag_10_sco_30x20.png,Scotland,https://www.ceroacero.es/pais.php?id=10,1479.5,,,SELECT team_id FROM [worldcup].[dbo].[teams] where [team_name] ='Scotland',,,,"INSERT INTO [worldcup].[dbo].[Ranking2022] VALUES(' ','Scotland','1479.5',40)",,,,,,,,UPDATE [worldcup].[dbo].[Ranking2022] SET teamid = (SELECT team_id FROM [worldcup].[dbo].[teams] where [team_name] ='Scotland') Where team = 'Scotland'
41,Canada,https://static-img.zz.pt/bandeiras/flag_97_can_30x20.png,Canada,https://www.ceroacero.es/pais.php?id=97,1475,,,SELECT team_id FROM [worldcup].[dbo].[teams] where [team_name] ='Canada',,,,"INSERT INTO [worldcup].[dbo].[Ranking2022] VALUES(' ','Canada','1475',41)",,,,,,,,UPDATE [worldcup].[dbo].[Ranking2022] SET teamid = (SELECT team_id FROM [worldcup].[dbo].[teams] where [team_name] ='Canada') Where team = 'Canada'
42,Norway,https://static-img.zz.pt/bandeiras/flag_22_nor_30x20.png,Norway,https://www.ceroacero.es/pais.php?id=22,1473,,,SELECT team_id FROM [worldcup].[dbo].[teams] where [team_name] ='Norway',,,,"INSERT INTO [worldcup].[dbo].[Ranking2022] VALUES(' ','Norway','1473',42)",,,,,,,,UPDATE [worldcup].[dbo].[Ranking2022] SET teamid = (SELECT team_id FROM [worldcup].[dbo].[teams] where [team_name] ='Norway') Where team = 'Norway'
43,Cameroon,https://static-img.zz.pt/bandeiras/flag_140_cmr_30x20.png,Cameroon,https://www.ceroacero.es/pais.php?id=140,1471.4,,,SELECT team_id FROM [worldcup].[dbo].[teams] where [team_name] ='Cameroon',,,,"INSERT INTO [worldcup].[dbo].[Ranking2022] VALUES(' ','Cameroon','1471.4',43)",,,,,,,,UPDATE [worldcup].[dbo].[Ranking2022] SET teamid = (SELECT team_id FROM [worldcup].[dbo].[teams] where [team_name] ='Cameroon') Where team = 'Cameroon'
44,Ecuador,https://static-img.zz.pt/bandeiras/flag_131_ecu_30x20.png,Ecuador,https://www.ceroacero.es/pais.php?id=131,1464.4,,,SELECT team_id FROM [worldcup].[dbo].[teams] where [team_name] ='Ecuador',,,,"INSERT INTO [worldcup].[dbo].[Ranking2022] VALUES(' ','Ecuador','1464.4',44)",,,,,,,,UPDATE [worldcup].[dbo].[Ranking2022] SET teamid = (SELECT team_id FROM [worldcup].[dbo].[teams] where [team_name] ='Ecuador') Where team = 'Ecuador'
45,Turkey,https://static-img.zz.pt/bandeiras/flag_30_tur_30x20.png,Turkey,https://www.ceroacero.es/pais.php?id=30,1460.1,,,SELECT team_id FROM [worldcup].[dbo].[teams] where [team_name] ='Turkey',,,,"INSERT INTO [worldcup].[dbo].[Ranking2022] VALUES(' ','Turkey','1460.1',45)",,,,,,,,UPDATE [worldcup].[dbo].[Ranking2022] SET teamid = (SELECT team_id FROM [worldcup].[dbo].[teams] where [team_name] ='Turkey') Where team = 'Turkey'
46,Mali,https://static-img.zz.pt/bandeiras/flag_163_mli_30x20.png,Mali,https://www.ceroacero.es/pais.php?id=163,1448.9,,,SELECT team_id FROM [worldcup].[dbo].[teams] where [team_name] ='Mali',,,,"INSERT INTO [worldcup].[dbo].[Ranking2022] VALUES(' ','Mali','1448.9',46)",,,,,,,,UPDATE [worldcup].[dbo].[Ranking2022] SET teamid = (SELECT team_id FROM [worldcup].[dbo].[teams] where [team_name] ='Mali') Where team = 'Mali'
47,Paraguay,https://static-img.zz.pt/bandeiras/flag_24_par_30x20.png,Paraguay,https://www.ceroacero.es/pais.php?id=24,1448.8,,,SELECT team_id FROM [worldcup].[dbo].[teams] where [team_name] ='Paraguay',,,,"INSERT INTO [worldcup].[dbo].[Ranking2022] VALUES(' ','Paraguay','1448.8',47)",,,,,,,,UPDATE [worldcup].[dbo].[Ranking2022] SET teamid = (SELECT team_id FROM [worldcup].[dbo].[teams] where [team_name] ='Paraguay') Where team = 'Paraguay'
48,Ivory Coast,https://static-img.zz.pt/bandeiras/flag_145_civ_30x20.png,Ivory Coast,https://www.ceroacero.es/pais.php?id=145,1443.1,,,SELECT team_id FROM [worldcup].[dbo].[teams] where [team_name] ='Ivory Coast',,,,"INSERT INTO [worldcup].[dbo].[Ranking2022] VALUES(' ','Ivory Coast','1443.1',48)",,,,,,,,UPDATE [worldcup].[dbo].[Ranking2022] SET teamid = (SELECT team_id FROM [worldcup].[dbo].[teams] where [team_name] ='Ivory Coast') Where team = 'Ivory Coast'
49,Rep. of Ireland,https://static-img.zz.pt/bandeiras/flag_199_irl_30x20.png,Rep. of Ireland,https://www.ceroacero.es/pais.php?id=199,1440.2,,,SELECT team_id FROM [worldcup].[dbo].[teams] where [team_name] ='Rep. of Ireland',,,,"INSERT INTO [worldcup].[dbo].[Ranking2022] VALUES(' ','Rep. of Ireland','1440.2',49)",,,,,,,,UPDATE [worldcup].[dbo].[Ranking2022] SET teamid = (SELECT team_id FROM [worldcup].[dbo].[teams] where [team_name] ='Rep. of Ireland') Where team = 'Rep. of Ireland'
50,Qatar,https://static-img.zz.pt/bandeiras/flag_74_qat_30x20.png,Qatar,https://www.ceroacero.es/pais.php?id=74,1439.9,,,SELECT team_id FROM [worldcup].[dbo].[teams] where [team_name] ='Qatar',,,,"INSERT INTO [worldcup].[dbo].[Ranking2022] VALUES(' ','Qatar','1439.9',50)",,,,,,,,UPDATE [worldcup].[dbo].[Ranking2022] SET teamid = (SELECT team_id FROM [worldcup].[dbo].[teams] where [team_name] ='Qatar') Where team = 'Qatar'
51,Saudi-Arabia,https://static-img.zz.pt/bandeiras/flag_69_ksa_30x20.png,Saudi-Arabia,https://www.ceroacero.es/pais.php?id=69,1437.8,,,SELECT team_id FROM [worldcup].[dbo].[teams] where [team_name] ='Saudi-Arabia',,,,"INSERT INTO [worldcup].[dbo].[Ranking2022] VALUES(' ','Saudi-Arabia','1437.8',51)",,,,,,,,UPDATE [worldcup].[dbo].[Ranking2022] SET teamid = (SELECT team_id FROM [worldcup].[dbo].[teams] where [team_name] ='Saudi-Arabia') Where team = 'Saudi-Arabia'
52,Greece,https://static-img.zz.pt/bandeiras/flag_197_gre_30x20.png,Greece,https://www.ceroacero.es/pais.php?id=197,1437.6,,,SELECT team_id FROM [worldcup].[dbo].[teams] where [team_name] ='Greece',,,,"INSERT INTO [worldcup].[dbo].[Ranking2022] VALUES(' ','Greece','1437.6',52)",,,,,,,,UPDATE [worldcup].[dbo].[Ranking2022] SET teamid = (SELECT team_id FROM [worldcup].[dbo].[teams] where [team_name] ='Greece') Where team = 'Greece'
53,Romania,https://static-img.zz.pt/bandeiras/flag_27_rom_30x20.png,Romania,https://www.ceroacero.es/pais.php?id=27,1434.7,,,SELECT team_id FROM [worldcup].[dbo].[teams] where [team_name] ='Romania',,,,"INSERT INTO [worldcup].[dbo].[Ranking2022] VALUES(' ','Romania','1434.7',53)",,,,,,,,UPDATE [worldcup].[dbo].[Ranking2022] SET teamid = (SELECT team_id FROM [worldcup].[dbo].[teams] where [team_name] ='Romania') Where team = 'Romania'
54,Burkina Faso,https://static-img.zz.pt/bandeiras/flag_138_bfa_30x20.png,Burkina Faso,https://www.ceroacero.es/pais.php?id=138,1432.3,,,SELECT team_id FROM [worldcup].[dbo].[teams] where [team_name] ='Burkina Faso',,,,"INSERT INTO [worldcup].[dbo].[Ranking2022] VALUES(' ','Burkina Faso','1432.3',54)",,,,,,,,UPDATE [worldcup].[dbo].[Ranking2022] SET teamid = (SELECT team_id FROM [worldcup].[dbo].[teams] where [team_name] ='Burkina Faso') Where team = 'Burkina Faso'
55,Slovakia,https://static-img.zz.pt/bandeiras/flag_211_svk_30x20.png,Slovakia,https://www.ceroacero.es/pais.php?id=211,1425.6,,,SELECT team_id FROM [worldcup].[dbo].[teams] where [team_name] ='Slovakia',,,,"INSERT INTO [worldcup].[dbo].[Ranking2022] VALUES(' ','Slovakia','1425.6',55)",,,,,,,,UPDATE [worldcup].[dbo].[Ranking2022] SET teamid = (SELECT team_id FROM [worldcup].[dbo].[teams] where [team_name] ='Slovakia') Where team = 'Slovakia'
56,Finland,https://static-img.zz.pt/bandeiras/flag_13_fin_30x20.png,Finland,https://www.ceroacero.es/pais.php?id=13,1405.6,,,SELECT team_id FROM [worldcup].[dbo].[teams] where [team_name] ='Finland',,,,"INSERT INTO [worldcup].[dbo].[Ranking2022] VALUES(' ','Finland','1405.6',56)",,,,,,,,UPDATE [worldcup].[dbo].[Ranking2022] SET teamid = (SELECT team_id FROM [worldcup].[dbo].[teams] where [team_name] ='Finland') Where team = 'Finland'
57,Venezuela,https://static-img.zz.pt/bandeiras/flag_134_ven_30x20.png,Venezuela,https://www.ceroacero.es/pais.php?id=134,1404.4,,,SELECT team_id FROM [worldcup].[dbo].[teams] where [team_name] ='Venezuela',,,,"INSERT INTO [worldcup].[dbo].[Ranking2022] VALUES(' ','Venezuela','1404.4',57)",,,,,,,,UPDATE [worldcup].[dbo].[Ranking2022] SET teamid = (SELECT team_id FROM [worldcup].[dbo].[teams] where [team_name] ='Venezuela') Where team = 'Venezuela'
58,Bosnia and Herzegovina,https://static-img.zz.pt/bandeiras/flag_191_bih_30x20.png,Bosnia and Herzegovina,https://www.ceroacero.es/pais.php?id=191,1403.5,,,SELECT team_id FROM [worldcup].[dbo].[teams] where [team_name] ='Bosnia and Herzegovina',,,,"INSERT INTO [worldcup].[dbo].[Ranking2022] VALUES(' ','Bosnia and Herzegovina','1403.5',58)",,,,,,,,UPDATE [worldcup].[dbo].[Ranking2022] SET teamid = (SELECT team_id FROM [worldcup].[dbo].[teams] where [team_name] ='Bosnia and Herzegovina') Where team = 'Bosnia and Herzegovina'
59,Northern Ireland,https://static-img.zz.pt/bandeiras/flag_208_nir_30x20.png,Northern Ireland,https://www.ceroacero.es/pais.php?id=208,1396.6,,,SELECT team_id FROM [worldcup].[dbo].[teams] where [team_name] ='Northern Ireland',,,,"INSERT INTO [worldcup].[dbo].[Ranking2022] VALUES(' ','Northern Ireland','1396.6',59)",,,,,,,,UPDATE [worldcup].[dbo].[Ranking2022] SET teamid = (SELECT team_id FROM [worldcup].[dbo].[teams] where [team_name] ='Northern Ireland') Where team = 'Northern Ireland'
60,Panama,https://static-img.zz.pt/bandeiras/flag_116_pan_30x20.png,Panama,https://www.ceroacero.es/pais.php?id=116,1393.3,,,SELECT team_id FROM [worldcup].[dbo].[teams] where [team_name] ='Panama',,,,"INSERT INTO [worldcup].[dbo].[Ranking2022] VALUES(' ','Panama','1393.3',60)",,,,,,,,UPDATE [worldcup].[dbo].[Ranking2022] SET teamid = (SELECT team_id FROM [worldcup].[dbo].[teams] where [team_name] ='Panama') Where team = 'Panama'
61,Ghana,https://static-img.zz.pt/bandeiras/flag_154_gha_30x20.png,Ghana,https://www.ceroacero.es/pais.php?id=154,1393,,,SELECT team_id FROM [worldcup].[dbo].[teams] where [team_name] ='Ghana',,,,"INSERT INTO [worldcup].[dbo].[Ranking2022] VALUES(' ','Ghana','1393',61)",,,,,,,,UPDATE [worldcup].[dbo].[Ranking2022] SET teamid = (SELECT team_id FROM [worldcup].[dbo].[teams] where [team_name] ='Ghana') Where team = 'Ghana'
62,Iceland,https://static-img.zz.pt/bandeiras/flag_17_isl_30x20.png,Iceland,https://www.ceroacero.es/pais.php?id=17,1384.4,,,SELECT team_id FROM [worldcup].[dbo].[teams] where [team_name] ='Iceland',,,,"INSERT INTO [worldcup].[dbo].[Ranking2022] VALUES(' ','Iceland','1384.4',62)",,,,,,,,UPDATE [worldcup].[dbo].[Ranking2022] SET teamid = (SELECT team_id FROM [worldcup].[dbo].[teams] where [team_name] ='Iceland') Where team = 'Iceland'
63,Slovenia,https://static-img.zz.pt/bandeiras/flag_11_svn_30x20.png,Slovenia,https://www.ceroacero.es/pais.php?id=11,1384,,,SELECT team_id FROM [worldcup].[dbo].[teams] where [team_name] ='Slovenia',,,,"INSERT INTO [worldcup].[dbo].[Ranking2022] VALUES(' ','Slovenia','1384',63)",,,,,,,,UPDATE [worldcup].[dbo].[Ranking2022] SET teamid = (SELECT team_id FROM [worldcup].[dbo].[teams] where [team_name] ='Slovenia') Where team = 'Slovenia'
64,Jamaica,https://static-img.zz.pt/bandeiras/flag_111_jam_30x20.png,Jamaica,https://www.ceroacero.es/pais.php?id=111,1378.9,,,SELECT team_id FROM [worldcup].[dbo].[teams] where [team_name] ='Jamaica',,,,"INSERT INTO [worldcup].[dbo].[Ranking2022] VALUES(' ','Jamaica','1378.9',64)",,,,,,,,UPDATE [worldcup].[dbo].[Ranking2022] SET teamid = (SELECT team_id FROM [worldcup].[dbo].[teams] where [team_name] ='Jamaica') Where team = 'Jamaica'
65,Macedonia,https://static-img.zz.pt/bandeiras/flag_194_mkd_30x20.png,Macedonia,https://www.ceroacero.es/pais.php?id=194,1358.5,,,SELECT team_id FROM [worldcup].[dbo].[teams] where [team_name] ='Macedonia',,,,"INSERT INTO [worldcup].[dbo].[Ranking2022] VALUES(' ','Macedonia','1358.5',65)",,,,,,,,UPDATE [worldcup].[dbo].[Ranking2022] SET teamid = (SELECT team_id FROM [worldcup].[dbo].[teams] where [team_name] ='Macedonia') Where team = 'Macedonia'
66,Albania,https://static-img.zz.pt/bandeiras/flag_185_alb_30x20.png,Albania,https://www.ceroacero.es/pais.php?id=185,1354.1,,,SELECT team_id FROM [worldcup].[dbo].[teams] where [team_name] ='Albania',,,,"INSERT INTO [worldcup].[dbo].[Ranking2022] VALUES(' ','Albania','1354.1',66)",,,,,,,,UPDATE [worldcup].[dbo].[Ranking2022] SET teamid = (SELECT team_id FROM [worldcup].[dbo].[teams] where [team_name] ='Albania') Where team = 'Albania'
67,South Africa,https://static-img.zz.pt/bandeiras/flag_176_rsa_30x20.png,South Africa,https://www.ceroacero.es/pais.php?id=176,1349.6,,,SELECT team_id FROM [worldcup].[dbo].[teams] where [team_name] ='South Africa',,,,"INSERT INTO [worldcup].[dbo].[Ranking2022] VALUES(' ','South Africa','1349.6',67)",,,,,,,,UPDATE [worldcup].[dbo].[Ranking2022] SET teamid = (SELECT team_id FROM [worldcup].[dbo].[teams] where [team_name] ='South Africa') Where team = 'South Africa'
68,Iraq,https://static-img.zz.pt/bandeiras/flag_38_irq_30x20.png,Iraq,https://www.ceroacero.es/pais.php?id=38,1343,,,SELECT team_id FROM [worldcup].[dbo].[teams] where [team_name] ='Iraq',,,,"INSERT INTO [worldcup].[dbo].[Ranking2022] VALUES(' ','Iraq','1343',68)",,,,,,,,UPDATE [worldcup].[dbo].[Ranking2022] SET teamid = (SELECT team_id FROM [worldcup].[dbo].[teams] where [team_name] ='Iraq') Where team = 'Iraq'
69,Montenegro,https://static-img.zz.pt/bandeiras/flag_246_mon_30x20.png,Montenegro,https://www.ceroacero.es/pais.php?id=246,1341,,,SELECT team_id FROM [worldcup].[dbo].[teams] where [team_name] ='Montenegro',,,,"INSERT INTO [worldcup].[dbo].[Ranking2022] VALUES(' ','Montenegro','1341',69)",,,,,,,,UPDATE [worldcup].[dbo].[Ranking2022] SET teamid = (SELECT team_id FROM [worldcup].[dbo].[teams] where [team_name] ='Montenegro') Where team = 'Montenegro'
70,Arab Emirates,https://static-img.zz.pt/bandeiras/flag_62_uae_30x20.png,Arab Emirates,https://www.ceroacero.es/pais.php?id=62,1337.6,,,SELECT team_id FROM [worldcup].[dbo].[teams] where [team_name] ='Arab Emirates',,,,"INSERT INTO [worldcup].[dbo].[Ranking2022] VALUES(' ','Arab Emirates','1337.6',70)",,,,,,,,UPDATE [worldcup].[dbo].[Ranking2022] SET teamid = (SELECT team_id FROM [worldcup].[dbo].[teams] where [team_name] ='Arab Emirates') Where team = 'Arab Emirates'
71,Cape Verde,https://static-img.zz.pt/bandeiras/flag_141_cpv_30x20.png,Cape Verde,https://www.ceroacero.es/pais.php?id=141,1336.1,,,SELECT team_id FROM [worldcup].[dbo].[teams] where [team_name] ='Cape Verde',,,,"INSERT INTO [worldcup].[dbo].[Ranking2022] VALUES(' ','Cape Verde','1336.1',71)",,,,,,,,UPDATE [worldcup].[dbo].[Ranking2022] SET teamid = (SELECT team_id FROM [worldcup].[dbo].[teams] where [team_name] ='Cape Verde') Where team = 'Cape Verde'
72,Bulgaria,https://static-img.zz.pt/bandeiras/flag_7_bul_30x20.png,Bulgaria,https://www.ceroacero.es/pais.php?id=7,1335.4,,,SELECT team_id FROM [worldcup].[dbo].[teams] where [team_name] ='Bulgaria',,,,"INSERT INTO [worldcup].[dbo].[Ranking2022] VALUES(' ','Bulgaria','1335.4',72)",,,,,,,,UPDATE [worldcup].[dbo].[Ranking2022] SET teamid = (SELECT team_id FROM [worldcup].[dbo].[teams] where [team_name] ='Bulgaria') Where team = 'Bulgaria'
73,DR Congo,https://static-img.zz.pt/bandeiras/flag_146_cod_30x20.png,DR Congo,https://www.ceroacero.es/pais.php?id=146,1333.9,,,SELECT team_id FROM [worldcup].[dbo].[teams] where [team_name] ='DR Congo',,,,"INSERT INTO [worldcup].[dbo].[Ranking2022] VALUES(' ','DR Congo','1333.9',73)",,,,,,,,UPDATE [worldcup].[dbo].[Ranking2022] SET teamid = (SELECT team_id FROM [worldcup].[dbo].[teams] where [team_name] ='DR Congo') Where team = 'DR Congo'
74,El Salvador,https://static-img.zz.pt/bandeiras/flag_103_slv_30x20.png,El Salvador,https://www.ceroacero.es/pais.php?id=103,1330.5,,,SELECT team_id FROM [worldcup].[dbo].[teams] where [team_name] ='El Salvador',,,,"INSERT INTO [worldcup].[dbo].[Ranking2022] VALUES(' ','El Salvador','1330.5',74)",,,,,,,,UPDATE [worldcup].[dbo].[Ranking2022] SET teamid = (SELECT team_id FROM [worldcup].[dbo].[teams] where [team_name] ='El Salvador') Where team = 'El Salvador'
75,Oman,https://static-img.zz.pt/bandeiras/flag_43_oma_30x20.png,Oman,https://www.ceroacero.es/pais.php?id=43,1320.3,,,SELECT team_id FROM [worldcup].[dbo].[teams] where [team_name] ='Oman',,,,"INSERT INTO [worldcup].[dbo].[Ranking2022] VALUES(' ','Oman','1320.3',75)",,,,,,,,UPDATE [worldcup].[dbo].[Ranking2022] SET teamid = (SELECT team_id FROM [worldcup].[dbo].[teams] where [team_name] ='Oman') Where team = 'Oman'
76,Israel,https://static-img.zz.pt/bandeiras/flag_200_isr_30x20.png,Israel,https://www.ceroacero.es/pais.php?id=200,1316.6,,,SELECT team_id FROM [worldcup].[dbo].[teams] where [team_name] ='Israel',,,,"INSERT INTO [worldcup].[dbo].[Ranking2022] VALUES(' ','Israel','1316.6',76)",,,,,,,,UPDATE [worldcup].[dbo].[Ranking2022] SET teamid = (SELECT team_id FROM [worldcup].[dbo].[teams] where [team_name] ='Israel') Where team = 'Israel'
77,Uzbekistan,https://static-img.zz.pt/bandeiras/flag_77_uzb_30x20.png,Uzbekistan,https://www.ceroacero.es/pais.php?id=77,1310,,,SELECT team_id FROM [worldcup].[dbo].[teams] where [team_name] ='Uzbekistan',,,,"INSERT INTO [worldcup].[dbo].[Ranking2022] VALUES(' ','Uzbekistan','1310',77)",,,,,,,,UPDATE [worldcup].[dbo].[Ranking2022] SET teamid = (SELECT team_id FROM [worldcup].[dbo].[teams] where [team_name] ='Uzbekistan') Where team = 'Uzbekistan'
78,Georgia,https://static-img.zz.pt/bandeiras/flag_196_geo_30x20.png,Georgia,https://www.ceroacero.es/pais.php?id=196,1307.3,,,SELECT team_id FROM [worldcup].[dbo].[teams] where [team_name] ='Georgia',,,,"INSERT INTO [worldcup].[dbo].[Ranking2022] VALUES(' ','Georgia','1307.3',78)",,,,,,,,UPDATE [worldcup].[dbo].[Ranking2022] SET teamid = (SELECT team_id FROM [worldcup].[dbo].[teams] where [team_name] ='Georgia') Where team = 'Georgia'
79,China,https://static-img.zz.pt/bandeiras/flag_36_chn_30x20.png,China,https://www.ceroacero.es/pais.php?id=36,1305.1,,,SELECT team_id FROM [worldcup].[dbo].[teams] where [team_name] ='China',,,,"INSERT INTO [worldcup].[dbo].[Ranking2022] VALUES(' ','China','1305.1',79)",,,,,,,,UPDATE [worldcup].[dbo].[Ranking2022] SET teamid = (SELECT team_id FROM [worldcup].[dbo].[teams] where [team_name] ='China') Where team = 'China'
80,Honduras,https://static-img.zz.pt/bandeiras/flag_110_hon_30x20.png,Honduras,https://www.ceroacero.es/pais.php?id=110,1302,,,SELECT team_id FROM [worldcup].[dbo].[teams] where [team_name] ='Honduras',,,,"INSERT INTO [worldcup].[dbo].[Ranking2022] VALUES(' ','Honduras','1302',80)",,,,,,,,UPDATE [worldcup].[dbo].[Ranking2022] SET teamid = (SELECT team_id FROM [worldcup].[dbo].[teams] where [team_name] ='Honduras') Where team = 'Honduras'
81,Gabon,https://static-img.zz.pt/bandeiras/flag_152_gab_30x20.png,Gabon,https://www.ceroacero.es/pais.php?id=152,1301.8,,,SELECT team_id FROM [worldcup].[dbo].[teams] where [team_name] ='Gabon',,,,"INSERT INTO [worldcup].[dbo].[Ranking2022] VALUES(' ','Gabon','1301.8',81)",,,,,,,,UPDATE [worldcup].[dbo].[Ranking2022] SET teamid = (SELECT team_id FROM [worldcup].[dbo].[teams] where [team_name] ='Gabon') Where team = 'Gabon'
82,Bolivia,https://static-img.zz.pt/bandeiras/flag_128_bol_30x20.png,Bolivia,https://www.ceroacero.es/pais.php?id=128,1296.3,,,SELECT team_id FROM [worldcup].[dbo].[teams] where [team_name] ='Bolivia',,,,"INSERT INTO [worldcup].[dbo].[Ranking2022] VALUES(' ','Bolivia','1296.3',82)",,,,,,,,UPDATE [worldcup].[dbo].[Ranking2022] SET teamid = (SELECT team_id FROM [worldcup].[dbo].[teams] where [team_name] ='Bolivia') Where team = 'Bolivia'
83,Guinea,https://static-img.zz.pt/bandeiras/flag_155_gui_30x20.png,Guinea,https://www.ceroacero.es/pais.php?id=155,1290.5,,,SELECT team_id FROM [worldcup].[dbo].[teams] where [team_name] ='Guinea',,,,"INSERT INTO [worldcup].[dbo].[Ranking2022] VALUES(' ','Guinea','1290.5',83)",,,,,,,,UPDATE [worldcup].[dbo].[Ranking2022] SET teamid = (SELECT team_id FROM [worldcup].[dbo].[teams] where [team_name] ='Guinea') Where team = 'Guinea'
84,Jordan,https://static-img.zz.pt/bandeiras/flag_53_jor_30x20.png,Jordan,https://www.ceroacero.es/pais.php?id=53,1290,,,SELECT team_id FROM [worldcup].[dbo].[teams] where [team_name] ='Jordan',,,,"INSERT INTO [worldcup].[dbo].[Ranking2022] VALUES(' ','Jordan','1290',84)",,,,,,,,UPDATE [worldcup].[dbo].[Ranking2022] SET teamid = (SELECT team_id FROM [worldcup].[dbo].[teams] where [team_name] ='Jordan') Where team = 'Jordan'
85,Bahrain,https://static-img.zz.pt/bandeiras/flag_64_bhr_30x20.png,Bahrain,https://www.ceroacero.es/pais.php?id=64,1280.6,,,SELECT team_id FROM [worldcup].[dbo].[teams] where [team_name] ='Bahrain',,,,"INSERT INTO [worldcup].[dbo].[Ranking2022] VALUES(' ','Bahrain','1280.6',85)",,,,,,,,UPDATE [worldcup].[dbo].[Ranking2022] SET teamid = (SELECT team_id FROM [worldcup].[dbo].[teams] where [team_name] ='Bahrain') Where team = 'Bahrain'
86,Curaçao,https://static-img.zz.pt/bandeiras/flag_243_cur_30x20.png,Curaçao,https://www.ceroacero.es/pais.php?id=243,1278.6,,,SELECT team_id FROM [worldcup].[dbo].[teams] where [team_name] ='Curaçao',,,,"INSERT INTO [worldcup].[dbo].[Ranking2022] VALUES(' ','Curaçao','1278.6',86)",,,,,,,,UPDATE [worldcup].[dbo].[Ranking2022] SET teamid = (SELECT team_id FROM [worldcup].[dbo].[teams] where [team_name] ='Curaçao') Where team = 'Curaçao'
87,Haiti,https://static-img.zz.pt/bandeiras/flag_109_hai_30x20.png,Haiti,https://www.ceroacero.es/pais.php?id=109,1269.1,,,SELECT team_id FROM [worldcup].[dbo].[teams] where [team_name] ='Haiti',,,,"INSERT INTO [worldcup].[dbo].[Ranking2022] VALUES(' ','Haiti','1269.1',87)",,,,,,,,UPDATE [worldcup].[dbo].[Ranking2022] SET teamid = (SELECT team_id FROM [worldcup].[dbo].[teams] where [team_name] ='Haiti') Where team = 'Haiti'
88,Zambia,https://static-img.zz.pt/bandeiras/flag_183_zam_30x20.png,Zambia,https://www.ceroacero.es/pais.php?id=183,1267.4,,,SELECT team_id FROM [worldcup].[dbo].[teams] where [team_name] ='Zambia',,,,"INSERT INTO [worldcup].[dbo].[Ranking2022] VALUES(' ','Zambia','1267.4',88)",,,,,,,,UPDATE [worldcup].[dbo].[Ranking2022] SET teamid = (SELECT team_id FROM [worldcup].[dbo].[teams] where [team_name] ='Zambia') Where team = 'Zambia'
89,Uganda,https://static-img.zz.pt/bandeiras/flag_182_uga_30x20.png,Uganda,https://www.ceroacero.es/pais.php?id=182,1260.7,,,SELECT team_id FROM [worldcup].[dbo].[teams] where [team_name] ='Uganda',,,,"INSERT INTO [worldcup].[dbo].[Ranking2022] VALUES(' ','Uganda','1260.7',89)",,,,,,,,UPDATE [worldcup].[dbo].[Ranking2022] SET teamid = (SELECT team_id FROM [worldcup].[dbo].[teams] where [team_name] ='Uganda') Where team = 'Uganda'
90,Syria,https://static-img.zz.pt/bandeiras/flag_75_syr_30x20.png,Syria,https://www.ceroacero.es/pais.php?id=75,1255.9,,,SELECT team_id FROM [worldcup].[dbo].[teams] where [team_name] ='Syria',,,,"INSERT INTO [worldcup].[dbo].[Ranking2022] VALUES(' ','Syria','1255.9',90)",,,,,,,,UPDATE [worldcup].[dbo].[Ranking2022] SET teamid = (SELECT team_id FROM [worldcup].[dbo].[teams] where [team_name] ='Syria') Where team = 'Syria'
91,Benin,https://static-img.zz.pt/bandeiras/flag_136_ben_30x20.png,Benin,https://www.ceroacero.es/pais.php?id=136,1247.5,,,SELECT team_id FROM [worldcup].[dbo].[teams] where [team_name] ='Benin',,,,"INSERT INTO [worldcup].[dbo].[Ranking2022] VALUES(' ','Benin','1247.5',91)",,,,,,,,UPDATE [worldcup].[dbo].[Ranking2022] SET teamid = (SELECT team_id FROM [worldcup].[dbo].[teams] where [team_name] ='Benin') Where team = 'Benin'
92,Luxembourg,https://static-img.zz.pt/bandeiras/flag_205_lux_30x20.png,Luxembourg,https://www.ceroacero.es/pais.php?id=205,1243.8,,,SELECT team_id FROM [worldcup].[dbo].[teams] where [team_name] ='Luxembourg',,,,"INSERT INTO [worldcup].[dbo].[Ranking2022] VALUES(' ','Luxembourg','1243.8',92)",,,,,,,,UPDATE [worldcup].[dbo].[Ranking2022] SET teamid = (SELECT team_id FROM [worldcup].[dbo].[teams] where [team_name] ='Luxembourg') Where team = 'Luxembourg'
93,Armenia,https://static-img.zz.pt/bandeiras/flag_187_arm_30x20.png,Armenia,https://www.ceroacero.es/pais.php?id=187,1233.9,,,SELECT team_id FROM [worldcup].[dbo].[teams] where [team_name] ='Armenia',,,,"INSERT INTO [worldcup].[dbo].[Ranking2022] VALUES(' ','Armenia','1233.9',93)",,,,,,,,UPDATE [worldcup].[dbo].[Ranking2022] SET teamid = (SELECT team_id FROM [worldcup].[dbo].[teams] where [team_name] ='Armenia') Where team = 'Armenia'
94,Palestine,https://static-img.zz.pt/bandeiras/flag_73_pal_30x20.png,Palestine,https://www.ceroacero.es/pais.php?id=73,1233.7,,,SELECT team_id FROM [worldcup].[dbo].[teams] where [team_name] ='Palestine',,,,"INSERT INTO [worldcup].[dbo].[Ranking2022] VALUES(' ','Palestine','1233.7',94)",,,,,,,,UPDATE [worldcup].[dbo].[Ranking2022] SET teamid = (SELECT team_id FROM [worldcup].[dbo].[teams] where [team_name] ='Palestine') Where team = 'Palestine'
95,Kyrgyzstan,https://static-img.zz.pt/bandeiras/flag_39_kgz_30x20.png,Kyrgyzstan,https://www.ceroacero.es/pais.php?id=39,1230.2,,,SELECT team_id FROM [worldcup].[dbo].[teams] where [team_name] ='Kyrgyzstan',,,,"INSERT INTO [worldcup].[dbo].[Ranking2022] VALUES(' ','Kyrgyzstan','1230.2',95)",,,,,,,,UPDATE [worldcup].[dbo].[Ranking2022] SET teamid = (SELECT team_id FROM [worldcup].[dbo].[teams] where [team_name] ='Kyrgyzstan') Where team = 'Kyrgyzstan'
96,Vietnam,https://static-img.zz.pt/bandeiras/flag_48_vie_30x20.png,Vietnam,https://www.ceroacero.es/pais.php?id=48,1226.7,,,SELECT team_id FROM [worldcup].[dbo].[teams] where [team_name] ='Vietnam',,,,"INSERT INTO [worldcup].[dbo].[Ranking2022] VALUES(' ','Vietnam','1226.7',96)",,,,,,,,UPDATE [worldcup].[dbo].[Ranking2022] SET teamid = (SELECT team_id FROM [worldcup].[dbo].[teams] where [team_name] ='Vietnam') Where team = 'Vietnam'
97,Belarus,https://static-img.zz.pt/bandeiras/flag_190_blr_30x20.png,Belarus,https://www.ceroacero.es/pais.php?id=190,1221.1,,,SELECT team_id FROM [worldcup].[dbo].[teams] where [team_name] ='Belarus',,,,"INSERT INTO [worldcup].[dbo].[Ranking2022] VALUES(' ','Belarus','1221.1',97)",,,,,,,,UPDATE [worldcup].[dbo].[Ranking2022] SET teamid = (SELECT team_id FROM [worldcup].[dbo].[teams] where [team_name] ='Belarus') Where team = 'Belarus'
98,Equatorial Guinea,https://static-img.zz.pt/bandeiras/flag_149_eqg_30x20.png,Equatorial Guinea,https://www.ceroacero.es/pais.php?id=149,1215.7,,,SELECT team_id FROM [worldcup].[dbo].[teams] where [team_name] ='Equatorial Guinea',,,,"INSERT INTO [worldcup].[dbo].[Ranking2022] VALUES(' ','Equatorial Guinea','1215.7',98)",,,,,,,,UPDATE [worldcup].[dbo].[Ranking2022] SET teamid = (SELECT team_id FROM [worldcup].[dbo].[teams] where [team_name] ='Equatorial Guinea') Where team = 'Equatorial Guinea'
99,Lebanon,https://static-img.zz.pt/bandeiras/flag_70_lib_30x20.png,Lebanon,https://www.ceroacero.es/pais.php?id=70,1211.7,,,SELECT team_id FROM [worldcup].[dbo].[teams] where [team_name] ='Lebanon',,,,"INSERT INTO [worldcup].[dbo].[Ranking2022] VALUES(' ','Lebanon','1211.7',99)",,,,,,,,UPDATE [worldcup].[dbo].[Ranking2022] SET teamid = (SELECT team_id FROM [worldcup].[dbo].[teams] where [team_name] ='Lebanon') Where team = 'Lebanon'
100,Congo,https://static-img.zz.pt/bandeiras/flag_144_cgo_30x20.png,Congo,https://www.ceroacero.es/pais.php?id=144,1208.8,,,SELECT team_id FROM [worldcup].[dbo].[teams] where [team_name] ='Congo',,,,"INSERT INTO [worldcup].[dbo].[Ranking2022] VALUES(' ','Congo','1208.8',100)",,,,,,,,UPDATE [worldcup].[dbo].[Ranking2022] SET teamid = (SELECT team_id FROM [worldcup].[dbo].[teams] where [team_name] ='Congo') Where team = 'Congo'
101,Kenya,https://static-img.zz.pt/bandeiras/flag_213_ken_30x20.png,Kenya,https://www.ceroacero.es/pais.php?id=213,1202.3,,,SELECT team_id FROM [worldcup].[dbo].[teams] where [team_name] ='Kenya',,,,"INSERT INTO [worldcup].[dbo].[Ranking2022] VALUES(' ','Kenya','1202.3',101)",,,,,,,,UPDATE [worldcup].[dbo].[Ranking2022] SET teamid = (SELECT team_id FROM [worldcup].[dbo].[teams] where [team_name] ='Kenya') Where team = 'Kenya'
102,Madagascar,https://static-img.zz.pt/bandeiras/flag_161_mad_30x20.png,Madagascar,https://www.ceroacero.es/pais.php?id=161,1200.7,,,SELECT team_id FROM [worldcup].[dbo].[teams] where [team_name] ='Madagascar',,,,"INSERT INTO [worldcup].[dbo].[Ranking2022] VALUES(' ','Madagascar','1200.7',102)",,,,,,,,UPDATE [worldcup].[dbo].[Ranking2022] SET teamid = (SELECT team_id FROM [worldcup].[dbo].[teams] where [team_name] ='Madagascar') Where team = 'Madagascar'
103,Mauritania,https://static-img.zz.pt/bandeiras/flag_164_mtn_30x20.png,Mauritania,https://www.ceroacero.es/pais.php?id=164,1197.6,,,SELECT team_id FROM [worldcup].[dbo].[teams] where [team_name] ='Mauritania',,,,"INSERT INTO [worldcup].[dbo].[Ranking2022] VALUES(' ','Mauritania','1197.6',103)",,,,,,,,UPDATE [worldcup].[dbo].[Ranking2022] SET teamid = (SELECT team_id FROM [worldcup].[dbo].[teams] where [team_name] ='Mauritania') Where team = 'Mauritania'
104,Trinidad and Tobago,https://static-img.zz.pt/bandeiras/flag_124_tri_30x20.png,Trinidad and Tobago,https://www.ceroacero.es/pais.php?id=124,1195.3,,,SELECT team_id FROM [worldcup].[dbo].[teams] where [team_name] ='Trinidad and Tobago',,,,"INSERT INTO [worldcup].[dbo].[Ranking2022] VALUES(' ','Trinidad and Tobago','1195.3',104)",,,,,,,,UPDATE [worldcup].[dbo].[Ranking2022] SET teamid = (SELECT team_id FROM [worldcup].[dbo].[teams] where [team_name] ='Trinidad and Tobago') Where team = 'Trinidad and Tobago'
105,New Zealand,https://static-img.zz.pt/bandeiras/flag_83_nzl_30x20.png,New Zealand,https://www.ceroacero.es/pais.php?id=83,1194,,,SELECT team_id FROM [worldcup].[dbo].[teams] where [team_name] ='New Zealand',,,,"INSERT INTO [worldcup].[dbo].[Ranking2022] VALUES(' ','New Zealand','1194',105)",,,,,,,,UPDATE [worldcup].[dbo].[Ranking2022] SET teamid = (SELECT team_id FROM [worldcup].[dbo].[teams] where [team_name] ='New Zealand') Where team = 'New Zealand'
106,India,https://static-img.zz.pt/bandeiras/flag_52_ind_30x20.png,India,https://www.ceroacero.es/pais.php?id=52,1192.1,,,SELECT team_id FROM [worldcup].[dbo].[teams] where [team_name] ='India',,,,"INSERT INTO [worldcup].[dbo].[Ranking2022] VALUES(' ','India','1192.1',106)",,,,,,,,UPDATE [worldcup].[dbo].[Ranking2022] SET teamid = (SELECT team_id FROM [worldcup].[dbo].[teams] where [team_name] ='India') Where team = 'India'
107,Kosovo,https://static-img.zz.pt/bandeiras/flag_254_ksv_30x20.png,Kosovo,https://www.ceroacero.es/pais.php?id=254,1187,,,SELECT team_id FROM [worldcup].[dbo].[teams] where [team_name] ='Kosovo',,,,"INSERT INTO [worldcup].[dbo].[Ranking2022] VALUES(' ','Kosovo','1187',107)",,,,,,,,UPDATE [worldcup].[dbo].[Ranking2022] SET teamid = (SELECT team_id FROM [worldcup].[dbo].[teams] where [team_name] ='Kosovo') Where team = 'Kosovo'
108,Tajikistan,https://static-img.zz.pt/bandeiras/flag_61_tjk_30x20.png,Tajikistan,https://www.ceroacero.es/pais.php?id=61,1185.7,,,SELECT team_id FROM [worldcup].[dbo].[teams] where [team_name] ='Tajikistan',,,,"INSERT INTO [worldcup].[dbo].[Ranking2022] VALUES(' ','Tajikistan','1185.7',108)",,,,,,,,UPDATE [worldcup].[dbo].[Ranking2022] SET teamid = (SELECT team_id FROM [worldcup].[dbo].[teams] where [team_name] ='Tajikistan') Where team = 'Tajikistan'
109,Estonia,https://static-img.zz.pt/bandeiras/flag_193_est_30x20.png,Estonia,https://www.ceroacero.es/pais.php?id=193,1184.6,,,SELECT team_id FROM [worldcup].[dbo].[teams] where [team_name] ='Estonia',,,,"INSERT INTO [worldcup].[dbo].[Ranking2022] VALUES(' ','Estonia','1184.6',109)",,,,,,,,UPDATE [worldcup].[dbo].[Ranking2022] SET teamid = (SELECT team_id FROM [worldcup].[dbo].[teams] where [team_name] ='Estonia') Where team = 'Estonia'
110,Cyprus,https://static-img.zz.pt/bandeiras/flag_192_cyp_30x20.png,Cyprus,https://www.ceroacero.es/pais.php?id=192,1183.8,,,SELECT team_id FROM [worldcup].[dbo].[teams] where [team_name] ='Cyprus',,,,"INSERT INTO [worldcup].[dbo].[Ranking2022] VALUES(' ','Cyprus','1183.8',110)",,,,,,,,UPDATE [worldcup].[dbo].[Ranking2022] SET teamid = (SELECT team_id FROM [worldcup].[dbo].[teams] where [team_name] ='Cyprus') Where team = 'Cyprus'
111,Thailand,https://static-img.zz.pt/bandeiras/flag_46_tha_30x20.png,Thailand,https://www.ceroacero.es/pais.php?id=46,1174.9,,,SELECT team_id FROM [worldcup].[dbo].[teams] where [team_name] ='Thailand',,,,"INSERT INTO [worldcup].[dbo].[Ranking2022] VALUES(' ','Thailand','1174.9',111)",,,,,,,,UPDATE [worldcup].[dbo].[Ranking2022] SET teamid = (SELECT team_id FROM [worldcup].[dbo].[teams] where [team_name] ='Thailand') Where team = 'Thailand'
112,North Korea,https://static-img.zz.pt/bandeiras/flag_59_prk_30x20.png,North Korea,https://www.ceroacero.es/pais.php?id=59,1170,,,SELECT team_id FROM [worldcup].[dbo].[teams] where [team_name] ='North Korea',,,,"INSERT INTO [worldcup].[dbo].[Ranking2022] VALUES(' ','North Korea','1170',112)",,,,,,,,UPDATE [worldcup].[dbo].[Ranking2022] SET teamid = (SELECT team_id FROM [worldcup].[dbo].[teams] where [team_name] ='North Korea') Where team = 'North Korea'
113,Kazakhstan,https://static-img.zz.pt/bandeiras/flag_201_kaz_30x20.png,Kazakhstan,https://www.ceroacero.es/pais.php?id=201,1166.6,,,SELECT team_id FROM [worldcup].[dbo].[teams] where [team_name] ='Kazakhstan',,,,"INSERT INTO [worldcup].[dbo].[Ranking2022] VALUES(' ','Kazakhstan','1166.6',113)",,,,,,,,UPDATE [worldcup].[dbo].[Ranking2022] SET teamid = (SELECT team_id FROM [worldcup].[dbo].[teams] where [team_name] ='Kazakhstan') Where team = 'Kazakhstan'
114,Mozambique,https://static-img.zz.pt/bandeiras/flag_166_moz_30x20.png,Mozambique,https://www.ceroacero.es/pais.php?id=166,1165.2,,,SELECT team_id FROM [worldcup].[dbo].[teams] where [team_name] ='Mozambique',,,,"INSERT INTO [worldcup].[dbo].[Ranking2022] VALUES(' ','Mozambique','1165.2',114)",,,,,,,,UPDATE [worldcup].[dbo].[Ranking2022] SET teamid = (SELECT team_id FROM [worldcup].[dbo].[teams] where [team_name] ='Mozambique') Where team = 'Mozambique'
115,Namibia,https://static-img.zz.pt/bandeiras/flag_167_nam_30x20.png,Namibia,https://www.ceroacero.es/pais.php?id=167,1164.1,,,SELECT team_id FROM [worldcup].[dbo].[teams] where [team_name] ='Namibia',,,,"INSERT INTO [worldcup].[dbo].[Ranking2022] VALUES(' ','Namibia','1164.1',115)",,,,,,,,UPDATE [worldcup].[dbo].[Ranking2022] SET teamid = (SELECT team_id FROM [worldcup].[dbo].[teams] where [team_name] ='Namibia') Where team = 'Namibia'
116,Guinea-Bissau,https://static-img.zz.pt/bandeiras/flag_156_gnb_30x20.png,Guinea-Bissau,https://www.ceroacero.es/pais.php?id=156,1160.7,,,SELECT team_id FROM [worldcup].[dbo].[teams] where [team_name] ='Guinea-Bissau',,,,"INSERT INTO [worldcup].[dbo].[Ranking2022] VALUES(' ','Guinea-Bissau','1160.7',116)",,,,,,,,UPDATE [worldcup].[dbo].[Ranking2022] SET teamid = (SELECT team_id FROM [worldcup].[dbo].[teams] where [team_name] ='Guinea-Bissau') Where team = 'Guinea-Bissau'
117,Sierra Leone,https://static-img.zz.pt/bandeiras/flag_174_sle_30x20.png,Sierra Leone,https://www.ceroacero.es/pais.php?id=174,1160.3,,,SELECT team_id FROM [worldcup].[dbo].[teams] where [team_name] ='Sierra Leone',,,,"INSERT INTO [worldcup].[dbo].[Ranking2022] VALUES(' ','Sierra Leone','1160.3',117)",,,,,,,,UPDATE [worldcup].[dbo].[Ranking2022] SET teamid = (SELECT team_id FROM [worldcup].[dbo].[teams] where [team_name] ='Sierra Leone') Where team = 'Sierra Leone'
118,Guatemala,https://static-img.zz.pt/bandeiras/flag_107_gua_30x20.png,Guatemala,https://www.ceroacero.es/pais.php?id=107,1156.7,,,SELECT team_id FROM [worldcup].[dbo].[teams] where [team_name] ='Guatemala',,,,"INSERT INTO [worldcup].[dbo].[Ranking2022] VALUES(' ','Guatemala','1156.7',118)",,,,,,,,UPDATE [worldcup].[dbo].[Ranking2022] SET teamid = (SELECT team_id FROM [worldcup].[dbo].[teams] where [team_name] ='Guatemala') Where team = 'Guatemala'
119,Angola,https://static-img.zz.pt/bandeiras/flag_135_ang_30x20.png,Angola,https://www.ceroacero.es/pais.php?id=135,1155.9,,,SELECT team_id FROM [worldcup].[dbo].[teams] where [team_name] ='Angola',,,,"INSERT INTO [worldcup].[dbo].[Ranking2022] VALUES(' ','Angola','1155.9',119)",,,,,,,,UPDATE [worldcup].[dbo].[Ranking2022] SET teamid = (SELECT team_id FROM [worldcup].[dbo].[teams] where [team_name] ='Angola') Where team = 'Angola'
120,Libya,https://static-img.zz.pt/bandeiras/flag_160_lby_30x20.png,Libya,https://www.ceroacero.es/pais.php?id=160,1154.3,,,SELECT team_id FROM [worldcup].[dbo].[teams] where [team_name] ='Libya',,,,"INSERT INTO [worldcup].[dbo].[Ranking2022] VALUES(' ','Libya','1154.3',120)",,,,,,,,UPDATE [worldcup].[dbo].[Ranking2022] SET teamid = (SELECT team_id FROM [worldcup].[dbo].[teams] where [team_name] ='Libya') Where team = 'Libya'
121,Niger,https://static-img.zz.pt/bandeiras/flag_168_nig_30x20.png,Niger,https://www.ceroacero.es/pais.php?id=168,1152.8,,,SELECT team_id FROM [worldcup].[dbo].[teams] where [team_name] ='Niger',,,,"INSERT INTO [worldcup].[dbo].[Ranking2022] VALUES(' ','Niger','1152.8',121)",,,,,,,,UPDATE [worldcup].[dbo].[Ranking2022] SET teamid = (SELECT team_id FROM [worldcup].[dbo].[teams] where [team_name] ='Niger') Where team = 'Niger'
122,Faroe Islands,https://static-img.zz.pt/bandeiras/flag_195_fro_30x20.png,Faroe Islands,https://www.ceroacero.es/pais.php?id=195,1147.2,,,SELECT team_id FROM [worldcup].[dbo].[teams] where [team_name] ='Faroe Islands',,,,"INSERT INTO [worldcup].[dbo].[Ranking2022] VALUES(' ','Faroe Islands','1147.2',122)",,,,,,,,UPDATE [worldcup].[dbo].[Ranking2022] SET teamid = (SELECT team_id FROM [worldcup].[dbo].[teams] where [team_name] ='Faroe Islands') Where team = 'Faroe Islands'
123,Azerbaijan,https://static-img.zz.pt/bandeiras/flag_189_aze_30x20.png,Azerbaijan,https://www.ceroacero.es/pais.php?id=189,1146.7,,,SELECT team_id FROM [worldcup].[dbo].[teams] where [team_name] ='Azerbaijan',,,,"INSERT INTO [worldcup].[dbo].[Ranking2022] VALUES(' ','Azerbaijan','1146.7',123)",,,,,,,,UPDATE [worldcup].[dbo].[Ranking2022] SET teamid = (SELECT team_id FROM [worldcup].[dbo].[teams] where [team_name] ='Azerbaijan') Where team = 'Azerbaijan'
124,Malawi,https://static-img.zz.pt/bandeiras/flag_162_mwi_30x20.png,Malawi,https://www.ceroacero.es/pais.php?id=162,1145,,,SELECT team_id FROM [worldcup].[dbo].[teams] where [team_name] ='Malawi',,,,"INSERT INTO [worldcup].[dbo].[Ranking2022] VALUES(' ','Malawi','1145',124)",,,,,,,,UPDATE [worldcup].[dbo].[Ranking2022] SET teamid = (SELECT team_id FROM [worldcup].[dbo].[teams] where [team_name] ='Malawi') Where team = 'Malawi'
125,Zimbabwe,https://static-img.zz.pt/bandeiras/flag_184_zim_30x20.png,Zimbabwe,https://www.ceroacero.es/pais.php?id=184,1138.6,,,SELECT team_id FROM [worldcup].[dbo].[teams] where [team_name] ='Zimbabwe',,,,"INSERT INTO [worldcup].[dbo].[Ranking2022] VALUES(' ','Zimbabwe','1138.6',125)",,,,,,,,UPDATE [worldcup].[dbo].[Ranking2022] SET teamid = (SELECT team_id FROM [worldcup].[dbo].[teams] where [team_name] ='Zimbabwe') Where team = 'Zimbabwe'
126,Gambia,https://static-img.zz.pt/bandeiras/flag_153_gam_30x20.png,Gambia,https://www.ceroacero.es/pais.php?id=153,1137.5,,,SELECT team_id FROM [worldcup].[dbo].[teams] where [team_name] ='Gambia',,,,"INSERT INTO [worldcup].[dbo].[Ranking2022] VALUES(' ','Gambia','1137.5',126)",,,,,,,,UPDATE [worldcup].[dbo].[Ranking2022] SET teamid = (SELECT team_id FROM [worldcup].[dbo].[teams] where [team_name] ='Gambia') Where team = 'Gambia'
127,Togo,https://static-img.zz.pt/bandeiras/flag_180_tog_30x20.png,Togo,https://www.ceroacero.es/pais.php?id=180,1128.9,,,SELECT team_id FROM [worldcup].[dbo].[teams] where [team_name] ='Togo',,,,"INSERT INTO [worldcup].[dbo].[Ranking2022] VALUES(' ','Togo','1128.9',127)",,,,,,,,UPDATE [worldcup].[dbo].[Ranking2022] SET teamid = (SELECT team_id FROM [worldcup].[dbo].[teams] where [team_name] ='Togo') Where team = 'Togo'
128,Sudan,https://static-img.zz.pt/bandeiras/flag_177_sud_30x20.png,Sudan,https://www.ceroacero.es/pais.php?id=177,1127.3,,,SELECT team_id FROM [worldcup].[dbo].[teams] where [team_name] ='Sudan',,,,"INSERT INTO [worldcup].[dbo].[Ranking2022] VALUES(' ','Sudan','1127.3',128)",,,,,,,,UPDATE [worldcup].[dbo].[Ranking2022] SET teamid = (SELECT team_id FROM [worldcup].[dbo].[teams] where [team_name] ='Sudan') Where team = 'Sudan'
129,Comoros,https://static-img.zz.pt/bandeiras/flag_226_icr_30x20.png,Comoros,https://www.ceroacero.es/pais.php?id=226,1123.2,,,SELECT team_id FROM [worldcup].[dbo].[teams] where [team_name] ='Comoros',,,,"INSERT INTO [worldcup].[dbo].[Ranking2022] VALUES(' ','Comoros','1123.2',129)",,,,,,,,UPDATE [worldcup].[dbo].[Ranking2022] SET teamid = (SELECT team_id FROM [worldcup].[dbo].[teams] where [team_name] ='Comoros') Where team = 'Comoros'
130,Tanzania,https://static-img.zz.pt/bandeiras/flag_179_tan_30x20.png,Tanzania,https://www.ceroacero.es/pais.php?id=179,1119.9,,,SELECT team_id FROM [worldcup].[dbo].[teams] where [team_name] ='Tanzania',,,,"INSERT INTO [worldcup].[dbo].[Ranking2022] VALUES(' ','Tanzania','1119.9',130)",,,,,,,,UPDATE [worldcup].[dbo].[Ranking2022] SET teamid = (SELECT team_id FROM [worldcup].[dbo].[teams] where [team_name] ='Tanzania') Where team = 'Tanzania'
131,Antigua and Barbuda,https://static-img.zz.pt/bandeiras/flag_90_atg_30x20.png,Antigua and Barbuda,https://www.ceroacero.es/pais.php?id=90,1117,,,SELECT team_id FROM [worldcup].[dbo].[teams] where [team_name] ='Antigua and Barbuda',,,,"INSERT INTO [worldcup].[dbo].[Ranking2022] VALUES(' ','Antigua and Barbuda','1117',131)",,,,,,,,UPDATE [worldcup].[dbo].[Ranking2022] SET teamid = (SELECT team_id FROM [worldcup].[dbo].[teams] where [team_name] ='Antigua and Barbuda') Where team = 'Antigua and Barbuda'
132,Central African Republic,https://static-img.zz.pt/bandeiras/flag_142_cta_30x20.png,Central African Republic,https://www.ceroacero.es/pais.php?id=142,1117,,,SELECT team_id FROM [worldcup].[dbo].[teams] where [team_name] ='Central African Republic',,,,"INSERT INTO [worldcup].[dbo].[Ranking2022] VALUES(' ','Central African Republic','1117',132)",,,,,,,,UPDATE [worldcup].[dbo].[Ranking2022] SET teamid = (SELECT team_id FROM [worldcup].[dbo].[teams] where [team_name] ='Central African Republic') Where team = 'Central African Republic'
133,Philippines,https://static-img.zz.pt/bandeiras/flag_44_phi_30x20.png,Philippines,https://www.ceroacero.es/pais.php?id=44,1115.1,,,SELECT team_id FROM [worldcup].[dbo].[teams] where [team_name] ='Philippines',,,,"INSERT INTO [worldcup].[dbo].[Ranking2022] VALUES(' ','Philippines','1115.1',133)",,,,,,,,UPDATE [worldcup].[dbo].[Ranking2022] SET teamid = (SELECT team_id FROM [worldcup].[dbo].[teams] where [team_name] ='Philippines') Where team = 'Philippines'
134,Latvia,https://static-img.zz.pt/bandeiras/flag_202_lva_30x20.png,Latvia,https://www.ceroacero.es/pais.php?id=202,1114.2,,,SELECT team_id FROM [worldcup].[dbo].[teams] where [team_name] ='Latvia',,,,"INSERT INTO [worldcup].[dbo].[Ranking2022] VALUES(' ','Latvia','1114.2',134)",,,,,,,,UPDATE [worldcup].[dbo].[Ranking2022] SET teamid = (SELECT team_id FROM [worldcup].[dbo].[teams] where [team_name] ='Latvia') Where team = 'Latvia'
135,Turkmenistan,https://static-img.zz.pt/bandeiras/flag_76_tkm_30x20.png,Turkmenistan,https://www.ceroacero.es/pais.php?id=76,1100.5,,,SELECT team_id FROM [worldcup].[dbo].[teams] where [team_name] ='Turkmenistan',,,,"INSERT INTO [worldcup].[dbo].[Ranking2022] VALUES(' ','Turkmenistan','1100.5',135)",,,,,,,,UPDATE [worldcup].[dbo].[Ranking2022] SET teamid = (SELECT team_id FROM [worldcup].[dbo].[teams] where [team_name] ='Turkmenistan') Where team = 'Turkmenistan'
136,Solomon Islands,https://static-img.zz.pt/bandeiras/flag_84_sol_30x20.png,Solomon Islands,https://www.ceroacero.es/pais.php?id=84,1095.7,,,SELECT team_id FROM [worldcup].[dbo].[teams] where [team_name] ='Solomon Islands',,,,"INSERT INTO [worldcup].[dbo].[Ranking2022] VALUES(' ','Solomon Islands','1095.7',136)",,,,,,,,UPDATE [worldcup].[dbo].[Ranking2022] SET teamid = (SELECT team_id FROM [worldcup].[dbo].[teams] where [team_name] ='Solomon Islands') Where team = 'Solomon Islands'
137,Rwanda,https://static-img.zz.pt/bandeiras/flag_170_rwa_30x20.png,Rwanda,https://www.ceroacero.es/pais.php?id=170,1093.7,,,SELECT team_id FROM [worldcup].[dbo].[teams] where [team_name] ='Rwanda',,,,"INSERT INTO [worldcup].[dbo].[Ranking2022] VALUES(' ','Rwanda','1093.7',137)",,,,,,,,UPDATE [worldcup].[dbo].[Ranking2022] SET teamid = (SELECT team_id FROM [worldcup].[dbo].[teams] where [team_name] ='Rwanda') Where team = 'Rwanda'
138,Ethiopia,https://static-img.zz.pt/bandeiras/flag_151_eth_30x20.png,Ethiopia,https://www.ceroacero.es/pais.php?id=151,1091.2,,,SELECT team_id FROM [worldcup].[dbo].[teams] where [team_name] ='Ethiopia',,,,"INSERT INTO [worldcup].[dbo].[Ranking2022] VALUES(' ','Ethiopia','1091.2',138)",,,,,,,,UPDATE [worldcup].[dbo].[Ranking2022] SET teamid = (SELECT team_id FROM [worldcup].[dbo].[teams] where [team_name] ='Ethiopia') Where team = 'Ethiopia'
139,Suriname,https://static-img.zz.pt/bandeiras/flag_123_sur_30x20.png,Suriname,https://www.ceroacero.es/pais.php?id=123,1077.3,,,SELECT team_id FROM [worldcup].[dbo].[teams] where [team_name] ='Suriname',,,,"INSERT INTO [worldcup].[dbo].[Ranking2022] VALUES(' ','Suriname','1077.3',139)",,,,,,,,UPDATE [worldcup].[dbo].[Ranking2022] SET teamid = (SELECT team_id FROM [worldcup].[dbo].[teams] where [team_name] ='Suriname') Where team = 'Suriname'
140,Saint Kitts and Nevis,https://static-img.zz.pt/bandeiras/flag_120_skn_30x20.png,Saint Kitts and Nevis,https://www.ceroacero.es/pais.php?id=120,1076.9,,,SELECT team_id FROM [worldcup].[dbo].[teams] where [team_name] ='Saint Kitts and Nevis',,,,"INSERT INTO [worldcup].[dbo].[Ranking2022] VALUES(' ','Saint Kitts and Nevis','1076.9',140)",,,,,,,,UPDATE [worldcup].[dbo].[Ranking2022] SET teamid = (SELECT team_id FROM [worldcup].[dbo].[teams] where [team_name] ='Saint Kitts and Nevis') Where team = 'Saint Kitts and Nevis'
141,Burundi,https://static-img.zz.pt/bandeiras/flag_139_bdi_30x20.png,Burundi,https://www.ceroacero.es/pais.php?id=139,1076.3,,,SELECT team_id FROM [worldcup].[dbo].[teams] where [team_name] ='Burundi',,,,"INSERT INTO [worldcup].[dbo].[Ranking2022] VALUES(' ','Burundi','1076.3',141)",,,,,,,,UPDATE [worldcup].[dbo].[Ranking2022] SET teamid = (SELECT team_id FROM [worldcup].[dbo].[teams] where [team_name] ='Burundi') Where team = 'Burundi'
142,Nicaragua,https://static-img.zz.pt/bandeiras/flag_115_nca_30x20.png,Nicaragua,https://www.ceroacero.es/pais.php?id=115,1071.8,,,SELECT team_id FROM [worldcup].[dbo].[teams] where [team_name] ='Nicaragua',,,,"INSERT INTO [worldcup].[dbo].[Ranking2022] VALUES(' ','Nicaragua','1071.8',142)",,,,,,,,UPDATE [worldcup].[dbo].[Ranking2022] SET teamid = (SELECT team_id FROM [worldcup].[dbo].[teams] where [team_name] ='Nicaragua') Where team = 'Nicaragua'
143,Swaziland,https://static-img.zz.pt/bandeiras/flag_178_swz_30x20.png,Swaziland,https://www.ceroacero.es/pais.php?id=178,1070.9,,,SELECT team_id FROM [worldcup].[dbo].[teams] where [team_name] ='Swaziland',,,,"INSERT INTO [worldcup].[dbo].[Ranking2022] VALUES(' ','Swaziland','1070.9',143)",,,,,,,,UPDATE [worldcup].[dbo].[Ranking2022] SET teamid = (SELECT team_id FROM [worldcup].[dbo].[teams] where [team_name] ='Swaziland') Where team = 'Swaziland'
144,Lithuania,https://static-img.zz.pt/bandeiras/flag_204_ltu_30x20.png,Lithuania,https://www.ceroacero.es/pais.php?id=204,1069.8,,,SELECT team_id FROM [worldcup].[dbo].[teams] where [team_name] ='Lithuania',,,,"INSERT INTO [worldcup].[dbo].[Ranking2022] VALUES(' ','Lithuania','1069.8',144)",,,,,,,,UPDATE [worldcup].[dbo].[Ranking2022] SET teamid = (SELECT team_id FROM [worldcup].[dbo].[teams] where [team_name] ='Lithuania') Where team = 'Lithuania'
145,Hong Kong,https://static-img.zz.pt/bandeiras/flag_66_hkg_30x20.png,Hong Kong,https://www.ceroacero.es/pais.php?id=66,1062.4,,,SELECT team_id FROM [worldcup].[dbo].[teams] where [team_name] ='Hong Kong',,,,"INSERT INTO [worldcup].[dbo].[Ranking2022] VALUES(' ','Hong Kong','1062.4',145)",,,,,,,,UPDATE [worldcup].[dbo].[Ranking2022] SET teamid = (SELECT team_id FROM [worldcup].[dbo].[teams] where [team_name] ='Hong Kong') Where team = 'Hong Kong'
146,Malaysia,https://static-img.zz.pt/bandeiras/flag_56_mas_30x20.png,Malaysia,https://www.ceroacero.es/pais.php?id=56,1062.3,,,SELECT team_id FROM [worldcup].[dbo].[teams] where [team_name] ='Malaysia',,,,"INSERT INTO [worldcup].[dbo].[Ranking2022] VALUES(' ','Malaysia','1062.3',146)",,,,,,,,UPDATE [worldcup].[dbo].[Ranking2022] SET teamid = (SELECT team_id FROM [worldcup].[dbo].[teams] where [team_name] ='Malaysia') Where team = 'Malaysia'
147,Lesotho,https://static-img.zz.pt/bandeiras/flag_158_les_30x20.png,Lesotho,https://www.ceroacero.es/pais.php?id=158,1061.4,,,SELECT team_id FROM [worldcup].[dbo].[teams] where [team_name] ='Lesotho',,,,"INSERT INTO [worldcup].[dbo].[Ranking2022] VALUES(' ','Lesotho','1061.4',147)",,,,,,,,UPDATE [worldcup].[dbo].[Ranking2022] SET teamid = (SELECT team_id FROM [worldcup].[dbo].[teams] where [team_name] ='Lesotho') Where team = 'Lesotho'
148,Botswana,https://static-img.zz.pt/bandeiras/flag_137_bot_30x20.png,Botswana,https://www.ceroacero.es/pais.php?id=137,1056.5,,,SELECT team_id FROM [worldcup].[dbo].[teams] where [team_name] ='Botswana',,,,"INSERT INTO [worldcup].[dbo].[Ranking2022] VALUES(' ','Botswana','1056.5',148)",,,,,,,,UPDATE [worldcup].[dbo].[Ranking2022] SET teamid = (SELECT team_id FROM [worldcup].[dbo].[teams] where [team_name] ='Botswana') Where team = 'Botswana'
149,Kuwait,https://static-img.zz.pt/bandeiras/flag_40_kuw_30x20.png,Kuwait,https://www.ceroacero.es/pais.php?id=40,1053.4,,,SELECT team_id FROM [worldcup].[dbo].[teams] where [team_name] ='Kuwait',,,,"INSERT INTO [worldcup].[dbo].[Ranking2022] VALUES(' ','Kuwait','1053.4',149)",,,,,,,,UPDATE [worldcup].[dbo].[Ranking2022] SET teamid = (SELECT team_id FROM [worldcup].[dbo].[teams] where [team_name] ='Kuwait') Where team = 'Kuwait'
150,Liberia,https://static-img.zz.pt/bandeiras/flag_159_lbr_30x20.png,Liberia,https://www.ceroacero.es/pais.php?id=159,1049.7,,,SELECT team_id FROM [worldcup].[dbo].[teams] where [team_name] ='Liberia',,,,"INSERT INTO [worldcup].[dbo].[Ranking2022] VALUES(' ','Liberia','1049.7',150)",,,,,,,,UPDATE [worldcup].[dbo].[Ranking2022] SET teamid = (SELECT team_id FROM [worldcup].[dbo].[teams] where [team_name] ='Liberia') Where team = 'Liberia'
151,Andorra,https://static-img.zz.pt/bandeiras/flag_186_and_30x20.png,Andorra,https://www.ceroacero.es/pais.php?id=186,1035.2,,,SELECT team_id FROM [worldcup].[dbo].[teams] where [team_name] ='Andorra',,,,"INSERT INTO [worldcup].[dbo].[Ranking2022] VALUES(' ','Andorra','1035.2',151)",,,,,,,,UPDATE [worldcup].[dbo].[Ranking2022] SET teamid = (SELECT team_id FROM [worldcup].[dbo].[teams] where [team_name] ='Andorra') Where team = 'Andorra'
152,Indonesia,https://static-img.zz.pt/bandeiras/flag_37_idn_30x20.png,Indonesia,https://www.ceroacero.es/pais.php?id=37,1033.9,,,SELECT team_id FROM [worldcup].[dbo].[teams] where [team_name] ='Indonesia',,,,"INSERT INTO [worldcup].[dbo].[Ranking2022] VALUES(' ','Indonesia','1033.9',152)",,,,,,,,UPDATE [worldcup].[dbo].[Ranking2022] SET teamid = (SELECT team_id FROM [worldcup].[dbo].[teams] where [team_name] ='Indonesia') Where team = 'Indonesia'
153,Dominican Republic,https://static-img.zz.pt/bandeiras/flag_102_rdm_30x20.png,Dominican Republic,https://www.ceroacero.es/pais.php?id=102,1031.9,,,SELECT team_id FROM [worldcup].[dbo].[teams] where [team_name] ='Dominican Republic',,,,"INSERT INTO [worldcup].[dbo].[Ranking2022] VALUES(' ','Dominican Republic','1031.9',153)",,,,,,,,UPDATE [worldcup].[dbo].[Ranking2022] SET teamid = (SELECT team_id FROM [worldcup].[dbo].[teams] where [team_name] ='Dominican Republic') Where team = 'Dominican Republic'
154,Maldives,https://static-img.zz.pt/bandeiras/flag_71_mdv_30x20.png,Maldives,https://www.ceroacero.es/pais.php?id=71,1026.1,,,SELECT team_id FROM [worldcup].[dbo].[teams] where [team_name] ='Maldives',,,,"INSERT INTO [worldcup].[dbo].[Ranking2022] VALUES(' ','Maldives','1026.1',154)",,,,,,,,UPDATE [worldcup].[dbo].[Ranking2022] SET teamid = (SELECT team_id FROM [worldcup].[dbo].[teams] where [team_name] ='Maldives') Where team = 'Maldives'
155,Yemen,https://static-img.zz.pt/bandeiras/flag_63_yem_30x20.png,Yemen,https://www.ceroacero.es/pais.php?id=63,1023.5,,,SELECT team_id FROM [worldcup].[dbo].[teams] where [team_name] ='Yemen',,,,"INSERT INTO [worldcup].[dbo].[Ranking2022] VALUES(' ','Yemen','1023.5',155)",,,,,,,,UPDATE [worldcup].[dbo].[Ranking2022] SET teamid = (SELECT team_id FROM [worldcup].[dbo].[teams] where [team_name] ='Yemen') Where team = 'Yemen'
156,Afghanistan,https://static-img.zz.pt/bandeiras/flag_32_afg_30x20.png,Afghanistan,https://www.ceroacero.es/pais.php?id=32,1023,,,SELECT team_id FROM [worldcup].[dbo].[teams] where [team_name] ='Afghanistan',,,,"INSERT INTO [worldcup].[dbo].[Ranking2022] VALUES(' ','Afghanistan','1023',156)",,,,,,,,UPDATE [worldcup].[dbo].[Ranking2022] SET teamid = (SELECT team_id FROM [worldcup].[dbo].[teams] where [team_name] ='Afghanistan') Where team = 'Afghanistan'
157,Taiwan,https://static-img.zz.pt/bandeiras/flag_47_twn_30x20.png,Taiwan,https://www.ceroacero.es/pais.php?id=47,1017.8,,,SELECT team_id FROM [worldcup].[dbo].[teams] where [team_name] ='Taiwan',,,,"INSERT INTO [worldcup].[dbo].[Ranking2022] VALUES(' ','Taiwan','1017.8',157)",,,,,,,,UPDATE [worldcup].[dbo].[Ranking2022] SET teamid = (SELECT team_id FROM [worldcup].[dbo].[teams] where [team_name] ='Taiwan') Where team = 'Taiwan'
158,Myanmar,https://static-img.zz.pt/bandeiras/flag_57_mya_30x20.png,Myanmar,https://www.ceroacero.es/pais.php?id=57,1007.9,,,SELECT team_id FROM [worldcup].[dbo].[teams] where [team_name] ='Myanmar',,,,"INSERT INTO [worldcup].[dbo].[Ranking2022] VALUES(' ','Myanmar','1007.9',158)",,,,,,,,UPDATE [worldcup].[dbo].[Ranking2022] SET teamid = (SELECT team_id FROM [worldcup].[dbo].[teams] where [team_name] ='Myanmar') Where team = 'Myanmar'
159,Papua New Guinea,https://static-img.zz.pt/bandeiras/flag_87_png_30x20.png,Papua New Guinea,https://www.ceroacero.es/pais.php?id=87,1007.5,,,SELECT team_id FROM [worldcup].[dbo].[teams] where [team_name] ='Papua New Guinea',,,,"INSERT INTO [worldcup].[dbo].[Ranking2022] VALUES(' ','Papua New Guinea','1007.5',159)",,,,,,,,UPDATE [worldcup].[dbo].[Ranking2022] SET teamid = (SELECT team_id FROM [worldcup].[dbo].[teams] where [team_name] ='Papua New Guinea') Where team = 'Papua New Guinea'
160,Singapore,https://static-img.zz.pt/bandeiras/flag_45_sin_30x20.png,Singapore,https://www.ceroacero.es/pais.php?id=45,1003.5,,,SELECT team_id FROM [worldcup].[dbo].[teams] where [team_name] ='Singapore',,,,"INSERT INTO [worldcup].[dbo].[Ranking2022] VALUES(' ','Singapore','1003.5',160)",,,,,,,,UPDATE [worldcup].[dbo].[Ranking2022] SET teamid = (SELECT team_id FROM [worldcup].[dbo].[teams] where [team_name] ='Singapore') Where team = 'Singapore'
161,New Caledonia,https://static-img.zz.pt/bandeiras/flag_222_ncl_30x20.png,New Caledonia,https://www.ceroacero.es/pais.php?id=222,995.6,,,SELECT team_id FROM [worldcup].[dbo].[teams] where [team_name] ='New Caledonia',,,,"INSERT INTO [worldcup].[dbo].[Ranking2022] VALUES(' ','New Caledonia','995.6',161)",,,,,,,,UPDATE [worldcup].[dbo].[Ranking2022] SET teamid = (SELECT team_id FROM [worldcup].[dbo].[teams] where [team_name] ='New Caledonia') Where team = 'New Caledonia'
162,French Polynesia,https://static-img.zz.pt/bandeiras/flag_88_tah_30x20.png,French Polynesia,https://www.ceroacero.es/pais.php?id=88,995.1,,,SELECT team_id FROM [worldcup].[dbo].[teams] where [team_name] ='French Polynesia',,,,"INSERT INTO [worldcup].[dbo].[Ranking2022] VALUES(' ','French Polynesia','995.1',162)",,,,,,,,UPDATE [worldcup].[dbo].[Ranking2022] SET teamid = (SELECT team_id FROM [worldcup].[dbo].[teams] where [team_name] ='French Polynesia') Where team = 'French Polynesia'
163,Fiji,https://static-img.zz.pt/bandeiras/flag_79_fij_30x20.png,Fiji,https://www.ceroacero.es/pais.php?id=79,989.4,,,SELECT team_id FROM [worldcup].[dbo].[teams] where [team_name] ='Fiji',,,,"INSERT INTO [worldcup].[dbo].[Ranking2022] VALUES(' ','Fiji','989.4',163)",,,,,,,,UPDATE [worldcup].[dbo].[Ranking2022] SET teamid = (SELECT team_id FROM [worldcup].[dbo].[teams] where [team_name] ='Fiji') Where team = 'Fiji'
164,Vanuatu,https://static-img.zz.pt/bandeiras/flag_85_van_30x20.png,Vanuatu,https://www.ceroacero.es/pais.php?id=85,985.6,,,SELECT team_id FROM [worldcup].[dbo].[teams] where [team_name] ='Vanuatu',,,,"INSERT INTO [worldcup].[dbo].[Ranking2022] VALUES(' ','Vanuatu','985.6',164)",,,,,,,,UPDATE [worldcup].[dbo].[Ranking2022] SET teamid = (SELECT team_id FROM [worldcup].[dbo].[teams] where [team_name] ='Vanuatu') Where team = 'Vanuatu'
165,South Sudan,https://static-img.zz.pt/bandeiras/flag_268_srs_30x20.png,South Sudan,https://www.ceroacero.es/pais.php?id=268,984,,,SELECT team_id FROM [worldcup].[dbo].[teams] where [team_name] ='South Sudan',,,,"INSERT INTO [worldcup].[dbo].[Ranking2022] VALUES(' ','South Sudan','984',165)",,,,,,,,UPDATE [worldcup].[dbo].[Ranking2022] SET teamid = (SELECT team_id FROM [worldcup].[dbo].[teams] where [team_name] ='South Sudan') Where team = 'South Sudan'
166,Barbados,https://static-img.zz.pt/bandeiras/flag_93_brb_30x20.png,Barbados,https://www.ceroacero.es/pais.php?id=93,982.3,,,SELECT team_id FROM [worldcup].[dbo].[teams] where [team_name] ='Barbados',,,,"INSERT INTO [worldcup].[dbo].[Ranking2022] VALUES(' ','Barbados','982.3',166)",,,,,,,,UPDATE [worldcup].[dbo].[Ranking2022] SET teamid = (SELECT team_id FROM [worldcup].[dbo].[teams] where [team_name] ='Barbados') Where team = 'Barbados'
167,Cuba,https://static-img.zz.pt/bandeiras/flag_100_cub_30x20.png,Cuba,https://www.ceroacero.es/pais.php?id=100,978.7,,,SELECT team_id FROM [worldcup].[dbo].[teams] where [team_name] ='Cuba',,,,"INSERT INTO [worldcup].[dbo].[Ranking2022] VALUES(' ','Cuba','978.7',167)",,,,,,,,UPDATE [worldcup].[dbo].[Ranking2022] SET teamid = (SELECT team_id FROM [worldcup].[dbo].[teams] where [team_name] ='Cuba') Where team = 'Cuba'
168,Malta,https://static-img.zz.pt/bandeiras/flag_206_mlt_30x20.png,Malta,https://www.ceroacero.es/pais.php?id=206,977.9,,,SELECT team_id FROM [worldcup].[dbo].[teams] where [team_name] ='Malta',,,,"INSERT INTO [worldcup].[dbo].[Ranking2022] VALUES(' ','Malta','977.9',168)",,,,,,,,UPDATE [worldcup].[dbo].[Ranking2022] SET teamid = (SELECT team_id FROM [worldcup].[dbo].[teams] where [team_name] ='Malta') Where team = 'Malta'
169,Bermuda,https://static-img.zz.pt/bandeiras/flag_95_ber_30x20.png,Bermuda,https://www.ceroacero.es/pais.php?id=95,977.5,,,SELECT team_id FROM [worldcup].[dbo].[teams] where [team_name] ='Bermuda',,,,"INSERT INTO [worldcup].[dbo].[Ranking2022] VALUES(' ','Bermuda','977.5',169)",,,,,,,,UPDATE [worldcup].[dbo].[Ranking2022] SET teamid = (SELECT team_id FROM [worldcup].[dbo].[teams] where [team_name] ='Bermuda') Where team = 'Bermuda'
170,Puerto Rico,https://static-img.zz.pt/bandeiras/flag_117_pur_30x20.png,Puerto Rico,https://www.ceroacero.es/pais.php?id=117,974.3,,,SELECT team_id FROM [worldcup].[dbo].[teams] where [team_name] ='Puerto Rico',,,,"INSERT INTO [worldcup].[dbo].[Ranking2022] VALUES(' ','Puerto Rico','974.3',170)",,,,,,,,UPDATE [worldcup].[dbo].[Ranking2022] SET teamid = (SELECT team_id FROM [worldcup].[dbo].[teams] where [team_name] ='Puerto Rico') Where team = 'Puerto Rico'
171,Guyana,https://static-img.zz.pt/bandeiras/flag_108_guy_30x20.png,Guyana,https://www.ceroacero.es/pais.php?id=108,968.7,,,SELECT team_id FROM [worldcup].[dbo].[teams] where [team_name] ='Guyana',,,,"INSERT INTO [worldcup].[dbo].[Ranking2022] VALUES(' ','Guyana','968.7',171)",,,,,,,,UPDATE [worldcup].[dbo].[Ranking2022] SET teamid = (SELECT team_id FROM [worldcup].[dbo].[teams] where [team_name] ='Guyana') Where team = 'Guyana'
172,Saint Lucia,https://static-img.zz.pt/bandeiras/flag_118_lca_30x20.png,Saint Lucia,https://www.ceroacero.es/pais.php?id=118,965.7,,,SELECT team_id FROM [worldcup].[dbo].[teams] where [team_name] ='Saint Lucia',,,,"INSERT INTO [worldcup].[dbo].[Ranking2022] VALUES(' ','Saint Lucia','965.7',172)",,,,,,,,UPDATE [worldcup].[dbo].[Ranking2022] SET teamid = (SELECT team_id FROM [worldcup].[dbo].[teams] where [team_name] ='Saint Lucia') Where team = 'Saint Lucia'
173,Grenada,https://static-img.zz.pt/bandeiras/flag_105_grn_30x20.png,Grenada,https://www.ceroacero.es/pais.php?id=105,963.7,,,SELECT team_id FROM [worldcup].[dbo].[teams] where [team_name] ='Grenada',,,,"INSERT INTO [worldcup].[dbo].[Ranking2022] VALUES(' ','Grenada','963.7',173)",,,,,,,,UPDATE [worldcup].[dbo].[Ranking2022] SET teamid = (SELECT team_id FROM [worldcup].[dbo].[teams] where [team_name] ='Grenada') Where team = 'Grenada'
174,Moldova,https://static-img.zz.pt/bandeiras/flag_207_mda_30x20.png,Moldova,https://www.ceroacero.es/pais.php?id=207,961.2,,,SELECT team_id FROM [worldcup].[dbo].[teams] where [team_name] ='Moldova',,,,"INSERT INTO [worldcup].[dbo].[Ranking2022] VALUES(' ','Moldova','961.2',174)",,,,,,,,UPDATE [worldcup].[dbo].[Ranking2022] SET teamid = (SELECT team_id FROM [worldcup].[dbo].[teams] where [team_name] ='Moldova') Where team = 'Moldova'
175,Nepal,https://static-img.zz.pt/bandeiras/flag_72_nep_30x20.png,Nepal,https://www.ceroacero.es/pais.php?id=72,954.9,,,SELECT team_id FROM [worldcup].[dbo].[teams] where [team_name] ='Nepal',,,,"INSERT INTO [worldcup].[dbo].[Ranking2022] VALUES(' ','Nepal','954.9',175)",,,,,,,,UPDATE [worldcup].[dbo].[Ranking2022] SET teamid = (SELECT team_id FROM [worldcup].[dbo].[teams] where [team_name] ='Nepal') Where team = 'Nepal'
176,Belize,https://static-img.zz.pt/bandeiras/flag_94_blz_30x20.png,Belize,https://www.ceroacero.es/pais.php?id=94,950.9,,,SELECT team_id FROM [worldcup].[dbo].[teams] where [team_name] ='Belize',,,,"INSERT INTO [worldcup].[dbo].[Ranking2022] VALUES(' ','Belize','950.9',176)",,,,,,,,UPDATE [worldcup].[dbo].[Ranking2022] SET teamid = (SELECT team_id FROM [worldcup].[dbo].[teams] where [team_name] ='Belize') Where team = 'Belize'
177,Cambodia,https://static-img.zz.pt/bandeiras/flag_65_cam_30x20.png,Cambodia,https://www.ceroacero.es/pais.php?id=65,948.6,,,SELECT team_id FROM [worldcup].[dbo].[teams] where [team_name] ='Cambodia',,,,"INSERT INTO [worldcup].[dbo].[Ranking2022] VALUES(' ','Cambodia','948.6',177)",,,,,,,,UPDATE [worldcup].[dbo].[Ranking2022] SET teamid = (SELECT team_id FROM [worldcup].[dbo].[teams] where [team_name] ='Cambodia') Where team = 'Cambodia'
178,Saint Vincent and the Grenadines,https://static-img.zz.pt/bandeiras/flag_122_vin_30x20.png,Saint Vincent and the Grenadines,https://www.ceroacero.es/pais.php?id=122,945.3,,,SELECT team_id FROM [worldcup].[dbo].[teams] where [team_name] ='Saint Vincent and the Grenadines',,,,"INSERT INTO [worldcup].[dbo].[Ranking2022] VALUES(' ','Saint Vincent and the Grenadines','945.3',178)",,,,,,,,UPDATE [worldcup].[dbo].[Ranking2022] SET teamid = (SELECT team_id FROM [worldcup].[dbo].[teams] where [team_name] ='Saint Vincent and the Grenadines') Where team = 'Saint Vincent and the Grenadines'
179,Montserrat,https://static-img.zz.pt/bandeiras/flag_113_msr_30x20.png,Montserrat,https://www.ceroacero.es/pais.php?id=113,940.8,,,SELECT team_id FROM [worldcup].[dbo].[teams] where [team_name] ='Montserrat',,,,"INSERT INTO [worldcup].[dbo].[Ranking2022] VALUES(' ','Montserrat','940.8',179)",,,,,,,,UPDATE [worldcup].[dbo].[Ranking2022] SET teamid = (SELECT team_id FROM [worldcup].[dbo].[teams] where [team_name] ='Montserrat') Where team = 'Montserrat'
180,Mauritius,https://static-img.zz.pt/bandeiras/flag_165_mri_30x20.png,Mauritius,https://www.ceroacero.es/pais.php?id=165,932,,,SELECT team_id FROM [worldcup].[dbo].[teams] where [team_name] ='Mauritius',,,,"INSERT INTO [worldcup].[dbo].[Ranking2022] VALUES(' ','Mauritius','932',180)",,,,,,,,UPDATE [worldcup].[dbo].[Ranking2022] SET teamid = (SELECT team_id FROM [worldcup].[dbo].[teams] where [team_name] ='Mauritius') Where team = 'Mauritius'
181,Chad,https://static-img.zz.pt/bandeiras/flag_143_cha_30x20.png,Chad,https://www.ceroacero.es/pais.php?id=143,930.2,,,SELECT team_id FROM [worldcup].[dbo].[teams] where [team_name] ='Chad',,,,"INSERT INTO [worldcup].[dbo].[Ranking2022] VALUES(' ','Chad','930.2',181)",,,,,,,,UPDATE [worldcup].[dbo].[Ranking2022] SET teamid = (SELECT team_id FROM [worldcup].[dbo].[teams] where [team_name] ='Chad') Where team = 'Chad'
182,Macau,https://static-img.zz.pt/bandeiras/flag_41_mac_30x20.png,Macau,https://www.ceroacero.es/pais.php?id=41,922.1,,,SELECT team_id FROM [worldcup].[dbo].[teams] where [team_name] ='Macau',,,,"INSERT INTO [worldcup].[dbo].[Ranking2022] VALUES(' ','Macau','922.1',182)",,,,,,,,UPDATE [worldcup].[dbo].[Ranking2022] SET teamid = (SELECT team_id FROM [worldcup].[dbo].[teams] where [team_name] ='Macau') Where team = 'Macau'
183,Mongolia,https://static-img.zz.pt/bandeiras/flag_42_mgl_30x20.png,Mongolia,https://www.ceroacero.es/pais.php?id=42,913.6,,,SELECT team_id FROM [worldcup].[dbo].[teams] where [team_name] ='Mongolia',,,,"INSERT INTO [worldcup].[dbo].[Ranking2022] VALUES(' ','Mongolia','913.6',183)",,,,,,,,UPDATE [worldcup].[dbo].[Ranking2022] SET teamid = (SELECT team_id FROM [worldcup].[dbo].[teams] where [team_name] ='Mongolia') Where team = 'Mongolia'
184,Dominica,https://static-img.zz.pt/bandeiras/flag_101_dma_30x20.png,Dominica,https://www.ceroacero.es/pais.php?id=101,911.5,,,SELECT team_id FROM [worldcup].[dbo].[teams] where [team_name] ='Dominica',,,,"INSERT INTO [worldcup].[dbo].[Ranking2022] VALUES(' ','Dominica','911.5',184)",,,,,,,,UPDATE [worldcup].[dbo].[Ranking2022] SET teamid = (SELECT team_id FROM [worldcup].[dbo].[teams] where [team_name] ='Dominica') Where team = 'Dominica'
185,Bhutan,https://static-img.zz.pt/bandeiras/flag_35_bhu_30x20.png,Bhutan,https://www.ceroacero.es/pais.php?id=35,911,,,SELECT team_id FROM [worldcup].[dbo].[teams] where [team_name] ='Bhutan',,,,"INSERT INTO [worldcup].[dbo].[Ranking2022] VALUES(' ','Bhutan','911',185)",,,,,,,,UPDATE [worldcup].[dbo].[Ranking2022] SET teamid = (SELECT team_id FROM [worldcup].[dbo].[teams] where [team_name] ='Bhutan') Where team = 'Bhutan'
186,São Tomé and Príncipe,https://static-img.zz.pt/bandeiras/flag_171_stp_30x20.png,São Tomé and Príncipe,https://www.ceroacero.es/pais.php?id=171,908.2,,,SELECT team_id FROM [worldcup].[dbo].[teams] where [team_name] ='São Tomé and Príncipe',,,,"INSERT INTO [worldcup].[dbo].[Ranking2022] VALUES(' ','São Tomé and Príncipe','908.2',186)",,,,,,,,UPDATE [worldcup].[dbo].[Ranking2022] SET teamid = (SELECT team_id FROM [worldcup].[dbo].[teams] where [team_name] ='São Tomé and Príncipe') Where team = 'São Tomé and Príncipe'
187,Laos,https://static-img.zz.pt/bandeiras/flag_55_lao_30x20.png,Laos,https://www.ceroacero.es/pais.php?id=55,905.5,,,SELECT team_id FROM [worldcup].[dbo].[teams] where [team_name] ='Laos',,,,"INSERT INTO [worldcup].[dbo].[Ranking2022] VALUES(' ','Laos','905.5',187)",,,,,,,,UPDATE [worldcup].[dbo].[Ranking2022] SET teamid = (SELECT team_id FROM [worldcup].[dbo].[teams] where [team_name] ='Laos') Where team = 'Laos'
188,American Samoa,https://static-img.zz.pt/bandeiras/flag_80_asa_30x20.png,American Samoa,https://www.ceroacero.es/pais.php?id=80,900.3,,,SELECT team_id FROM [worldcup].[dbo].[teams] where [team_name] ='American Samoa',,,,"INSERT INTO [worldcup].[dbo].[Ranking2022] VALUES(' ','American Samoa','900.3',188)",,,,,,,,UPDATE [worldcup].[dbo].[Ranking2022] SET teamid = (SELECT team_id FROM [worldcup].[dbo].[teams] where [team_name] ='American Samoa') Where team = 'American Samoa'
189,Cook Islands,https://static-img.zz.pt/bandeiras/flag_86_cok_30x20.png,Cook Islands,https://www.ceroacero.es/pais.php?id=86,899.3,,,SELECT team_id FROM [worldcup].[dbo].[teams] where [team_name] ='Cook Islands',,,,"INSERT INTO [worldcup].[dbo].[Ranking2022] VALUES(' ','Cook Islands','899.3',189)",,,,,,,,UPDATE [worldcup].[dbo].[Ranking2022] SET teamid = (SELECT team_id FROM [worldcup].[dbo].[teams] where [team_name] ='Cook Islands') Where team = 'Cook Islands'
190,Brunei,https://static-img.zz.pt/bandeiras/flag_50_bru_30x20.png,Brunei,https://www.ceroacero.es/pais.php?id=50,898.4,,,SELECT team_id FROM [worldcup].[dbo].[teams] where [team_name] ='Brunei',,,,"INSERT INTO [worldcup].[dbo].[Ranking2022] VALUES(' ','Brunei','898.4',190)",,,,,,,,UPDATE [worldcup].[dbo].[Ranking2022] SET teamid = (SELECT team_id FROM [worldcup].[dbo].[teams] where [team_name] ='Brunei') Where team = 'Brunei'
191,Samoa,https://static-img.zz.pt/bandeiras/flag_78_sam_30x20.png,Samoa,https://www.ceroacero.es/pais.php?id=78,894.3,,,SELECT team_id FROM [worldcup].[dbo].[teams] where [team_name] ='Samoa',,,,"INSERT INTO [worldcup].[dbo].[Ranking2022] VALUES(' ','Samoa','894.3',191)",,,,,,,,UPDATE [worldcup].[dbo].[Ranking2022] SET teamid = (SELECT team_id FROM [worldcup].[dbo].[teams] where [team_name] ='Samoa') Where team = 'Samoa'
192,Bangladesh,https://static-img.zz.pt/bandeiras/flag_49_ban_30x20.png,Bangladesh,https://www.ceroacero.es/pais.php?id=49,884.5,,,SELECT team_id FROM [worldcup].[dbo].[teams] where [team_name] ='Bangladesh',,,,"INSERT INTO [worldcup].[dbo].[Ranking2022] VALUES(' ','Bangladesh','884.5',192)",,,,,,,,UPDATE [worldcup].[dbo].[Ranking2022] SET teamid = (SELECT team_id FROM [worldcup].[dbo].[teams] where [team_name] ='Bangladesh') Where team = 'Bangladesh'
193,Djibouti,https://static-img.zz.pt/bandeiras/flag_147_dji_30x20.png,Djibouti,https://www.ceroacero.es/pais.php?id=147,875.1,,,SELECT team_id FROM [worldcup].[dbo].[teams] where [team_name] ='Djibouti',,,,"INSERT INTO [worldcup].[dbo].[Ranking2022] VALUES(' ','Djibouti','875.1',193)",,,,,,,,UPDATE [worldcup].[dbo].[Ranking2022] SET teamid = (SELECT team_id FROM [worldcup].[dbo].[teams] where [team_name] ='Djibouti') Where team = 'Djibouti'
194,Pakistan,https://static-img.zz.pt/bandeiras/flag_58_pak_30x20.png,Pakistan,https://www.ceroacero.es/pais.php?id=58,866.8,,,SELECT team_id FROM [worldcup].[dbo].[teams] where [team_name] ='Pakistan',,,,"INSERT INTO [worldcup].[dbo].[Ranking2022] VALUES(' ','Pakistan','866.8',194)",,,,,,,,UPDATE [worldcup].[dbo].[Ranking2022] SET teamid = (SELECT team_id FROM [worldcup].[dbo].[teams] where [team_name] ='Pakistan') Where team = 'Pakistan'
195,Cayman Islands,https://static-img.zz.pt/bandeiras/flag_98_cay_30x20.png,Cayman Islands,https://www.ceroacero.es/pais.php?id=98,865.7,,,SELECT team_id FROM [worldcup].[dbo].[teams] where [team_name] ='Cayman Islands',,,,"INSERT INTO [worldcup].[dbo].[Ranking2022] VALUES(' ','Cayman Islands','865.7',195)",,,,,,,,UPDATE [worldcup].[dbo].[Ranking2022] SET teamid = (SELECT team_id FROM [worldcup].[dbo].[teams] where [team_name] ='Cayman Islands') Where team = 'Cayman Islands'
196,Liechtenstein,https://static-img.zz.pt/bandeiras/flag_203_lie_30x20.png,Liechtenstein,https://www.ceroacero.es/pais.php?id=203,862.4,,,SELECT team_id FROM [worldcup].[dbo].[teams] where [team_name] ='Liechtenstein',,,,"INSERT INTO [worldcup].[dbo].[Ranking2022] VALUES(' ','Liechtenstein','862.4',196)",,,,,,,,UPDATE [worldcup].[dbo].[Ranking2022] SET teamid = (SELECT team_id FROM [worldcup].[dbo].[teams] where [team_name] ='Liechtenstein') Where team = 'Liechtenstein'
197,Tonga,https://static-img.zz.pt/bandeiras/flag_81_tga_30x20.png,Tonga,https://www.ceroacero.es/pais.php?id=81,861.8,,,SELECT team_id FROM [worldcup].[dbo].[teams] where [team_name] ='Tonga',,,,"INSERT INTO [worldcup].[dbo].[Ranking2022] VALUES(' ','Tonga','861.8',197)",,,,,,,,UPDATE [worldcup].[dbo].[Ranking2022] SET teamid = (SELECT team_id FROM [worldcup].[dbo].[teams] where [team_name] ='Tonga') Where team = 'Tonga'
198,East Timor,https://static-img.zz.pt/bandeiras/flag_245_tls_30x20.png,East Timor,https://www.ceroacero.es/pais.php?id=245,860.1,,,SELECT team_id FROM [worldcup].[dbo].[teams] where [team_name] ='East Timor',,,,"INSERT INTO [worldcup].[dbo].[Ranking2022] VALUES(' ','East Timor','860.1',198)",,,,,,,,UPDATE [worldcup].[dbo].[Ranking2022] SET teamid = (SELECT team_id FROM [worldcup].[dbo].[teams] where [team_name] ='East Timor') Where team = 'East Timor'
199,Seychelles,https://static-img.zz.pt/bandeiras/flag_173_sey_30x20.png,Seychelles,https://www.ceroacero.es/pais.php?id=173,859.6,,,SELECT team_id FROM [worldcup].[dbo].[teams] where [team_name] ='Seychelles',,,,"INSERT INTO [worldcup].[dbo].[Ranking2022] VALUES(' ','Seychelles','859.6',199)",,,,,,,,UPDATE [worldcup].[dbo].[Ranking2022] SET teamid = (SELECT team_id FROM [worldcup].[dbo].[teams] where [team_name] ='Seychelles') Where team = 'Seychelles'
200,Eritrea,https://static-img.zz.pt/bandeiras/flag_150_eri_30x20.png,Eritrea,https://www.ceroacero.es/pais.php?id=150,855.6,,,SELECT team_id FROM [worldcup].[dbo].[teams] where [team_name] ='Eritrea',,,,"INSERT INTO [worldcup].[dbo].[Ranking2022] VALUES(' ','Eritrea','855.6',200)",,,,,,,,UPDATE [worldcup].[dbo].[Ranking2022] SET teamid = (SELECT team_id FROM [worldcup].[dbo].[teams] where [team_name] ='Eritrea') Where team = 'Eritrea'
201,Aruba,https://static-img.zz.pt/bandeiras/flag_91_aru_30x20.png,Aruba,https://www.ceroacero.es/pais.php?id=91,855.4,,,SELECT team_id FROM [worldcup].[dbo].[teams] where [team_name] ='Aruba',,,,"INSERT INTO [worldcup].[dbo].[Ranking2022] VALUES(' ','Aruba','855.4',201)",,,,,,,,UPDATE [worldcup].[dbo].[Ranking2022] SET teamid = (SELECT team_id FROM [worldcup].[dbo].[teams] where [team_name] ='Aruba') Where team = 'Aruba'
202,Bahamas,https://static-img.zz.pt/bandeiras/flag_92_bah_30x20.png,Bahamas,https://www.ceroacero.es/pais.php?id=92,854.8,,,SELECT team_id FROM [worldcup].[dbo].[teams] where [team_name] ='Bahamas',,,,"INSERT INTO [worldcup].[dbo].[Ranking2022] VALUES(' ','Bahamas','854.8',202)",,,,,,,,UPDATE [worldcup].[dbo].[Ranking2022] SET teamid = (SELECT team_id FROM [worldcup].[dbo].[teams] where [team_name] ='Bahamas') Where team = 'Bahamas'
203,Somalia,https://static-img.zz.pt/bandeiras/flag_175_som_30x20.png,Somalia,https://www.ceroacero.es/pais.php?id=175,854.7,,,SELECT team_id FROM [worldcup].[dbo].[teams] where [team_name] ='Somalia',,,,"INSERT INTO [worldcup].[dbo].[Ranking2022] VALUES(' ','Somalia','854.7',203)",,,,,,,,UPDATE [worldcup].[dbo].[Ranking2022] SET teamid = (SELECT team_id FROM [worldcup].[dbo].[teams] where [team_name] ='Somalia') Where team = 'Somalia'
204,Gibraltar,https://static-img.zz.pt/bandeiras/flag_273_gib_30x20.png,Gibraltar,https://www.ceroacero.es/pais.php?id=273,852.2,,,SELECT team_id FROM [worldcup].[dbo].[teams] where [team_name] ='Gibraltar',,,,"INSERT INTO [worldcup].[dbo].[Ranking2022] VALUES(' ','Gibraltar','852.2',204)",,,,,,,,UPDATE [worldcup].[dbo].[Ranking2022] SET teamid = (SELECT team_id FROM [worldcup].[dbo].[teams] where [team_name] ='Gibraltar') Where team = 'Gibraltar'
205,Guam,https://static-img.zz.pt/bandeiras/flag_51_gum_30x20.png,Guam,https://www.ceroacero.es/pais.php?id=51,838.3,,,SELECT team_id FROM [worldcup].[dbo].[teams] where [team_name] ='Guam',,,,"INSERT INTO [worldcup].[dbo].[Ranking2022] VALUES(' ','Guam','838.3',205)",,,,,,,,UPDATE [worldcup].[dbo].[Ranking2022] SET teamid = (SELECT team_id FROM [worldcup].[dbo].[teams] where [team_name] ='Guam') Where team = 'Guam'
206,Turks and Caicos Islands,https://static-img.zz.pt/bandeiras/flag_125_tca_30x20.png,Turks and Caicos Islands,https://www.ceroacero.es/pais.php?id=125,832,,,SELECT team_id FROM [worldcup].[dbo].[teams] where [team_name] ='Turks and Caicos Islands',,,,"INSERT INTO [worldcup].[dbo].[Ranking2022] VALUES(' ','Turks and Caicos Islands','832',206)",,,,,,,,UPDATE [worldcup].[dbo].[Ranking2022] SET teamid = (SELECT team_id FROM [worldcup].[dbo].[teams] where [team_name] ='Turks and Caicos Islands') Where team = 'Turks and Caicos Islands'
207,Sri Lanka,https://static-img.zz.pt/bandeiras/flag_60_sri_30x20.png,Sri Lanka,https://www.ceroacero.es/pais.php?id=60,825.3,,,SELECT team_id FROM [worldcup].[dbo].[teams] where [team_name] ='Sri Lanka',,,,"INSERT INTO [worldcup].[dbo].[Ranking2022] VALUES(' ','Sri Lanka','825.3',207)",,,,,,,,UPDATE [worldcup].[dbo].[Ranking2022] SET teamid = (SELECT team_id FROM [worldcup].[dbo].[teams] where [team_name] ='Sri Lanka') Where team = 'Sri Lanka'
208,US Virgin Islands,https://static-img.zz.pt/bandeiras/flag_126_vir_30x20.png,US Virgin Islands,https://www.ceroacero.es/pais.php?id=126,824,,,SELECT team_id FROM [worldcup].[dbo].[teams] where [team_name] ='US Virgin Islands',,,,"INSERT INTO [worldcup].[dbo].[Ranking2022] VALUES(' ','US Virgin Islands','824',208)",,,,,,,,UPDATE [worldcup].[dbo].[Ranking2022] SET teamid = (SELECT team_id FROM [worldcup].[dbo].[teams] where [team_name] ='US Virgin Islands') Where team = 'US Virgin Islands'
209,British Virgin Islands,https://static-img.zz.pt/bandeiras/flag_96_vgb_30x20.png,British Virgin Islands,https://www.ceroacero.es/pais.php?id=96,809.3,,,SELECT team_id FROM [worldcup].[dbo].[teams] where [team_name] ='British Virgin Islands',,,,"INSERT INTO [worldcup].[dbo].[Ranking2022] VALUES(' ','British Virgin Islands','809.3',209)",,,,,,,,UPDATE [worldcup].[dbo].[Ranking2022] SET teamid = (SELECT team_id FROM [worldcup].[dbo].[teams] where [team_name] ='British Virgin Islands') Where team = 'British Virgin Islands'
210,Anguilla,https://static-img.zz.pt/bandeiras/flag_89_aia_30x20.png,Anguilla,https://www.ceroacero.es/pais.php?id=89,790.7,,,SELECT team_id FROM [worldcup].[dbo].[teams] where [team_name] ='Anguilla',,,,"INSERT INTO [worldcup].[dbo].[Ranking2022] VALUES(' ','Anguilla','790.7',210)",,,,,,,,UPDATE [worldcup].[dbo].[Ranking2022] SET teamid = (SELECT team_id FROM [worldcup].[dbo].[teams] where [team_name] ='Anguilla') Where team = 'Anguilla'
211,San Marino,https://static-img.zz.pt/bandeiras/flag_209_smr_30x20.png,San Marino,https://www.ceroacero.es/pais.php?id=209,762.2,,,SELECT team_id FROM [worldcup].[dbo].[teams] where [team_name] ='San Marino',,,,"INSERT INTO [worldcup].[dbo].[Ranking2022] VALUES(' ','San Marino','762.2',211)",,,,,,,,UPDATE [worldcup].[dbo].[Ranking2022] SET teamid = (SELECT team_id FROM [worldcup].[dbo].[teams] where [team_name] ='San Marino') Where team = 'San Marino'
